year,MAM_T_cell_C,MAM_T_3x3_C,JJA_T_cell_C,JJA_T_3x3_C,MAM_T_cell_C_anom_1500-1600,MAM_T_cell_C_z_1500-1600,MAM_T_cell_C_rank_warmest1_1500-1600,MAM_T_cell_C_anom_1901-2000,JJA_T_cell_C_anom_1500-1600,JJA_T_cell_C_z_1500-1600,JJA_T_cell_C_rank_warmest1_1500-1600,JJA_T_cell_C_anom_1901-2000
1500,9.68,8.72,18.87,17.86,0.02,0.03,53.00,-0.58,0.42,0.44,26.00,0.33
1501,10.39,9.43,18.03,17.02,0.73,0.79,18.00,0.13,-0.42,-0.43,69.00,-0.51
1502,9.13,8.16,19.45,18.43,-0.53,-0.56,75.00,-1.13,1.00,1.03,14.00,0.91
1503,9.88,8.92,20.07,19.05,0.22,0.24,43.00,-0.38,1.62,1.67,6.00,1.53
1504,10.39,9.43,19.81,18.79,0.73,0.79,18.00,0.13,1.36,1.41,9.00,1.27
1505,10.14,9.17,17.77,16.77,0.48,0.52,31.00,-0.12,-0.68,-0.70,78.00,-0.77
1506,9.96,8.99,18.82,17.81,0.30,0.33,39.00,-0.30,0.37,0.39,28.00,0.28
1507,9.90,8.92,18.37,17.36,0.24,0.26,42.00,-0.36,-0.08,-0.08,53.00,-0.17
1508,8.91,7.94,17.89,16.88,-0.75,-0.80,81.00,-1.35,-0.56,-0.57,76.00,-0.65
1509,10.14,9.17,19.37,18.35,0.48,0.52,31.00,-0.12,0.92,0.95,15.00,0.83
1510,9.38,8.42,18.34,17.33,-0.28,-0.30,65.00,-0.88,-0.11,-0.11,55.00,-0.20
1511,9.88,8.92,17.06,16.06,0.22,0.24,43.00,-0.38,-1.39,-1.43,95.00,-1.48
1512,10.10,9.13,18.47,17.47,0.44,0.48,34.00,-0.16,0.02,0.02,47.00,-0.07
1513,9.41,8.45,18.37,17.36,-0.25,-0.26,62.00,-0.85,-0.08,-0.08,53.00,-0.17
1514,9.31,8.34,18.53,17.52,-0.35,-0.37,70.00,-0.95,0.08,0.09,42.00,-0.01
1515,8.25,7.28,17.15,16.15,-1.41,-1.51,95.00,-2.01,-1.30,-1.34,92.00,-1.39
1516,10.27,9.31,19.30,18.28,0.61,0.66,25.00,0.01,0.85,0.88,17.00,0.76
1517,9.94,8.98,18.42,17.41,0.28,0.31,40.00,-0.32,-0.03,-0.03,52.00,-0.12
1518,10.17,9.21,17.96,16.96,0.51,0.55,29.00,-0.09,-0.49,-0.50,73.00,-0.58
1519,10.27,9.31,18.21,17.21,0.61,0.66,25.00,0.01,-0.24,-0.24,59.00,-0.33
1520,9.00,8.02,18.57,17.57,-0.66,-0.70,79.00,-1.26,0.12,0.13,41.00,0.03
1521,10.43,9.47,18.90,17.88,0.77,0.83,17.00,0.17,0.45,0.47,25.00,0.36
1522,9.88,8.92,18.53,17.52,0.22,0.24,43.00,-0.38,0.08,0.09,42.00,-0.01
1523,10.17,9.22,18.87,17.86,0.51,0.55,29.00,-0.09,0.42,0.44,26.00,0.33
1524,9.63,8.67,18.53,17.52,-0.03,-0.03,56.00,-0.63,0.08,0.09,42.00,-0.01
1525,9.77,8.80,18.80,17.79,0.11,0.12,49.00,-0.49,0.35,0.36,31.00,0.26
1526,10.47,9.51,18.19,17.18,0.81,0.88,16.00,0.21,-0.26,-0.26,62.00,-0.35
1527,8.37,7.41,17.71,16.71,-1.29,-1.38,92.00,-1.89,-0.74,-0.76,80.00,-0.83
1528,9.88,8.92,18.11,17.11,0.22,0.24,43.00,-0.38,-0.34,-0.35,64.00,-0.43
1529,9.26,8.29,16.39,15.39,-0.40,-0.43,71.00,-1.00,-2.06,-2.12,100.00,-2.15
1530,10.33,9.36,18.81,17.80,0.67,0.73,20.00,0.07,0.36,0.37,29.00,0.27
1531,8.19,7.22,18.43,17.42,-1.47,-1.58,96.00,-2.07,-0.02,-0.02,51.00,-0.11
1532,10.25,9.29,19.50,18.48,0.59,0.64,27.00,-0.01,1.05,1.09,12.00,0.96
1533,10.14,9.17,17.92,16.92,0.48,0.52,31.00,-0.12,-0.53,-0.54,75.00,-0.62
1534,11.09,10.13,20.58,19.56,1.43,1.54,6.00,0.83,2.13,2.20,5.00,2.04
1535,8.91,7.94,18.69,17.69,-0.75,-0.80,81.00,-1.35,0.24,0.25,36.00,0.15
1536,10.74,9.78,21.12,20.10,1.08,1.17,12.00,0.48,2.67,2.76,2.00,2.58
1537,9.51,8.54,17.76,16.75,-0.15,-0.16,61.00,-0.75,-0.69,-0.71,79.00,-0.78
1538,8.70,7.73,19.17,18.15,-0.96,-1.03,85.00,-1.56,0.72,0.75,20.00,0.63
1539,10.10,9.14,18.52,17.52,0.44,0.48,34.00,-0.16,0.07,0.08,45.00,-0.02
1540,12.11,11.16,21.16,20.14,2.45,2.64,1.00,1.85,2.71,2.80,1.00,2.62
1541,9.53,8.57,18.09,17.09,-0.13,-0.13,58.00,-0.73,-0.36,-0.37,67.00,-0.45
1542,7.54,6.57,16.54,15.54,-2.12,-2.27,100.00,-2.72,-1.91,-1.97,99.00,-2.00
1543,9.35,8.38,17.70,16.70,-0.31,-0.33,69.00,-0.91,-0.75,-0.77,81.00,-0.84
1544,9.37,8.40,18.32,17.31,-0.29,-0.31,67.00,-0.89,-0.13,-0.13,56.00,-0.22
1545,10.33,9.37,19.48,18.47,0.67,0.73,20.00,0.07,1.03,1.07,13.00,0.94
1546,8.91,7.95,18.46,17.45,-0.75,-0.80,81.00,-1.35,0.01,0.01,48.00,-0.08
1547,9.88,8.92,18.80,17.79,0.22,0.24,43.00,-0.38,0.35,0.36,31.00,0.26
1548,9.76,8.80,19.30,18.30,0.10,0.11,50.00,-0.50,0.85,0.88,17.00,0.76
1549,10.29,9.34,18.76,17.76,0.63,0.68,24.00,0.03,0.31,0.32,33.00,0.22
1550,8.72,7.76,18.03,17.03,-0.94,-1.01,84.00,-1.54,-0.42,-0.43,69.00,-0.51
1551,9.11,8.15,18.73,17.73,-0.55,-0.59,78.00,-1.15,0.28,0.29,35.00,0.19
1552,10.58,9.62,18.44,17.43,0.92,0.99,15.00,0.32,-0.01,-0.01,50.00,-0.10
1553,9.12,8.16,18.60,17.59,-0.54,-0.58,77.00,-1.14,0.15,0.16,40.00,0.06
1554,10.60,9.64,19.19,18.17,0.94,1.02,14.00,0.34,0.74,0.77,19.00,0.65
1555,10.33,9.36,17.27,16.27,0.67,0.73,20.00,0.07,-1.18,-1.21,90.00,-1.27
1556,10.00,9.04,20.85,19.83,0.34,0.37,38.00,-0.26,2.40,2.48,3.00,2.31
1557,9.55,8.58,19.11,18.11,-0.11,-0.11,57.00,-0.71,0.66,0.68,21.00,0.57
1558,11.33,10.37,19.06,18.05,1.67,1.80,3.00,1.07,0.61,0.63,24.00,0.52
1559,11.25,10.29,20.06,19.04,1.59,1.71,5.00,0.99,1.61,1.66,7.00,1.52
1560,10.76,9.80,17.49,16.49,1.10,1.19,11.00,0.50,-0.96,-0.99,87.00,-1.05
1561,9.75,8.78,18.76,17.75,0.09,0.10,51.00,-0.51,0.31,0.32,33.00,0.22
1562,10.25,9.29,18.52,17.52,0.59,0.64,27.00,-0.01,0.07,0.08,45.00,-0.02
1563,9.38,8.42,17.88,16.88,-0.28,-0.30,65.00,-0.88,-0.57,-0.58,77.00,-0.66
1564,10.31,9.35,18.21,17.21,0.65,0.70,23.00,0.05,-0.24,-0.24,59.00,-0.33
1565,9.15,8.18,18.81,17.81,-0.51,-0.54,74.00,-1.11,0.36,0.37,29.00,0.27
1566,8.58,7.62,18.68,17.67,-1.08,-1.16,87.00,-1.68,0.23,0.24,38.00,0.14
1567,10.91,9.94,19.93,18.91,1.25,1.35,7.00,0.65,1.48,1.53,8.00,1.39
1568,8.43,7.47,18.63,17.62,-1.23,-1.32,90.00,-1.83,0.18,0.19,39.00,0.09
1569,8.36,7.39,17.50,16.50,-1.30,-1.39,93.00,-1.90,-0.95,-0.98,86.00,-1.04
1570,8.60,7.64,17.59,16.58,-1.06,-1.13,86.00,-1.66,-0.86,-0.88,82.00,-0.95
1571,10.64,9.68,18.27,17.26,0.98,1.06,13.00,0.38,-0.18,-0.18,58.00,-0.27
1572,9.88,8.92,18.69,17.69,0.22,0.24,43.00,-0.38,0.24,0.25,36.00,0.15
1573,7.57,6.60,17.49,16.49,-2.09,-2.24,99.00,-2.69,-0.96,-0.99,87.00,-1.05
1574,9.69,8.73,18.31,17.30,0.03,0.04,52.00,-0.57,-0.14,-0.14,57.00,-0.23
1575,9.39,8.42,19.70,18.68,-0.27,-0.29,64.00,-0.87,1.25,1.29,10.00,1.16
1576,9.68,8.72,17.46,16.45,0.02,0.03,53.00,-0.58,-0.99,-1.02,89.00,-1.08
1577,9.41,8.45,17.95,16.95,-0.25,-0.26,62.00,-0.85,-0.50,-0.51,74.00,-0.59
1578,8.54,7.57,19.11,18.09,-1.12,-1.20,88.00,-1.72,0.66,0.68,21.00,0.57
1579,9.92,8.96,16.39,15.39,0.26,0.28,41.00,-0.34,-2.06,-2.12,100.00,-2.15
1580,9.53,8.56,19.08,18.08,-0.13,-0.13,58.00,-0.73,0.63,0.65,23.00,0.54
1581,9.52,8.56,18.21,17.21,-0.14,-0.15,60.00,-0.74,-0.24,-0.24,59.00,-0.33
1582,9.26,8.29,18.11,17.11,-0.40,-0.43,71.00,-1.00,-0.34,-0.35,64.00,-0.43
1583,11.33,10.37,19.35,18.34,1.67,1.80,3.00,1.07,0.90,0.93,16.00,0.81
1584,10.07,9.11,18.18,17.17,0.41,0.45,36.00,-0.19,-0.27,-0.27,63.00,-0.36
1585,10.78,9.83,16.89,15.89,1.12,1.21,10.00,0.52,-1.56,-1.60,97.00,-1.65
1586,8.54,7.58,18.45,17.44,-1.12,-1.20,88.00,-1.72,0.00,0.00,49.00,-0.09
1587,7.62,6.64,17.07,16.07,-2.04,-2.19,98.00,-2.64,-1.38,-1.42,94.00,-1.47
1588,10.06,9.10,17.01,16.01,0.40,0.43,37.00,-0.20,-1.44,-1.48,96.00,-1.53
1589,9.64,8.68,18.03,17.02,-0.02,-0.02,55.00,-0.62,-0.42,-0.43,69.00,-0.51
1590,9.13,8.16,20.61,19.59,-0.53,-0.56,75.00,-1.13,2.16,2.23,4.00,2.07
1591,10.80,9.84,18.09,17.08,1.14,1.23,9.00,0.54,-0.36,-0.37,67.00,-0.45
1592,8.97,8.01,18.10,17.10,-0.69,-0.74,80.00,-1.29,-0.35,-0.36,66.00,-0.44
1593,9.37,8.40,17.59,16.58,-0.29,-0.31,67.00,-0.89,-0.86,-0.88,82.00,-0.95
1594,8.26,7.29,17.23,16.22,-1.40,-1.50,94.00,-2.00,-1.22,-1.25,91.00,-1.31
1595,7.95,6.98,17.51,16.51,-1.71,-1.83,97.00,-2.31,-0.94,-0.97,84.00,-1.03
1596,10.86,9.90,16.78,15.78,1.20,1.30,8.00,0.60,-1.67,-1.72,98.00,-1.76
1597,8.41,7.44,17.08,16.08,-1.25,-1.34,91.00,-1.85,-1.37,-1.41,93.00,-1.46
1598,9.16,8.19,17.97,16.96,-0.50,-0.53,73.00,-1.10,-0.48,-0.49,72.00,-0.57
1599,11.67,10.72,19.56,18.55,2.01,2.17,2.00,1.41,1.11,1.15,11.00,1.02
1600,7.09,6.12,17.51,16.52,-2.57,-2.76,101.00,-3.17,-0.94,-0.97,84.00,-1.03
1601,8.21,7.24,17.29,16.29,-1.45,-1.55,,-2.05,-1.16,-1.19,,-1.25
1602,10.54,9.58,18.48,17.47,0.88,0.95,,0.28,0.03,0.03,,-0.06
1603,11.42,10.46,19.62,18.61,1.76,1.90,,1.16,1.17,1.21,,1.08
1604,10.33,9.36,19.10,18.09,0.67,0.73,,0.07,0.65,0.67,,0.56
1605,9.88,8.92,18.70,17.70,0.22,0.24,,-0.38,0.25,0.26,,0.16
1606,10.14,9.17,17.21,16.20,0.48,0.52,,-0.12,-1.24,-1.27,,-1.33
1607,10.33,9.36,18.58,17.58,0.67,0.73,,0.07,0.13,0.14,,0.04
1608,9.63,8.66,16.76,15.76,-0.03,-0.03,,-0.63,-1.69,-1.74,,-1.78
1609,10.10,9.14,17.82,16.81,0.44,0.48,,-0.16,-0.63,-0.65,,-0.72
1610,8.87,7.90,19.06,18.05,-0.79,-0.84,,-1.39,0.61,0.63,,0.52
1611,11.67,10.71,19.68,18.67,2.01,2.17,,1.41,1.23,1.27,,1.14
1612,9.41,8.45,18.80,17.79,-0.25,-0.26,,-0.85,0.35,0.36,,0.26
1613,9.73,8.77,18.28,17.27,0.07,0.08,,-0.53,-0.17,-0.17,,-0.26
1614,7.77,6.80,17.82,16.82,-1.89,-2.03,,-2.49,-0.63,-0.65,,-0.72
1615,8.62,7.65,19.67,18.66,-1.04,-1.11,,-1.64,1.22,1.26,,1.13
1616,10.60,9.64,20.67,19.65,0.94,1.02,,0.34,2.22,2.29,,2.13
1617,10.83,9.87,17.46,16.46,1.17,1.26,,0.57,-0.99,-1.02,,-1.08
1618,9.44,8.48,16.93,15.93,-0.22,-0.23,,-0.82,-1.52,-1.56,,-1.61
1619,9.38,8.41,18.53,17.53,-0.28,-0.30,,-0.88,0.08,0.09,,-0.01
1620,9.67,8.70,18.65,17.64,0.01,0.02,,-0.59,0.20,0.21,,0.11
1621,10.17,9.21,16.43,15.44,0.51,0.55,,-0.09,-2.02,-2.08,,-2.11
1622,9.34,8.38,18.50,17.50,-0.32,-0.34,,-0.92,0.05,0.06,,-0.04
1623,9.41,8.45,19.62,18.61,-0.25,-0.26,,-0.85,1.17,1.21,,1.08
1624,11.12,10.16,19.78,18.76,1.46,1.57,,0.86,1.33,1.37,,1.24
1625,9.19,8.22,17.95,16.95,-0.47,-0.50,,-1.07,-0.50,-0.51,,-0.59
1626,9.88,8.92,17.91,16.91,0.22,0.24,,-0.38,-0.54,-0.55,,-0.63
1627,6.94,5.97,16.84,15.84,-2.72,-2.92,,-3.32,-1.61,-1.66,,-1.70
1628,8.82,7.85,16.31,15.32,-0.84,-0.90,,-1.44,-2.14,-2.20,,-2.23
1629,9.43,8.46,19.58,18.56,-0.23,-0.24,,-0.83,1.13,1.17,,1.04
1630,8.97,8.01,19.30,18.29,-0.69,-0.74,,-1.29,0.85,0.88,,0.76
1631,10.33,9.36,19.84,18.82,0.67,0.73,,0.07,1.39,1.44,,1.30
1632,9.38,8.41,17.80,16.79,-0.28,-0.30,,-0.88,-0.65,-0.67,,-0.74
1633,9.81,8.85,17.85,16.85,0.15,0.17,,-0.45,-0.60,-0.61,,-0.69
1634,9.63,8.67,18.80,17.79,-0.03,-0.03,,-0.63,0.35,0.36,,0.26
1635,8.61,7.64,18.47,17.46,-1.05,-1.12,,-1.65,0.02,0.02,,-0.07
1636,11.50,10.54,19.06,18.04,1.84,1.98,,1.24,0.61,0.63,,0.52
1637,11.20,10.24,19.78,18.77,1.54,1.66,,0.94,1.33,1.37,,1.24
1638,11.70,10.75,19.47,18.46,2.04,2.20,,1.44,1.02,1.06,,0.93
1639,9.41,8.45,17.62,16.61,-0.25,-0.26,,-0.85,-0.83,-0.85,,-0.92
1640,7.95,6.98,18.50,17.49,-1.71,-1.83,,-2.31,0.05,0.06,,-0.04
1641,9.19,8.22,18.00,16.99,-0.47,-0.50,,-1.07,-0.45,-0.46,,-0.54
1642,8.57,7.59,18.41,17.40,-1.09,-1.17,,-1.69,-0.04,-0.04,,-0.13
1643,7.48,6.51,19.07,18.07,-2.18,-2.34,,-2.78,0.62,0.64,,0.53
1644,9.65,8.69,19.42,18.41,-0.01,-0.01,,-0.61,0.97,1.00,,0.88
1645,11.08,10.12,19.68,18.67,1.42,1.53,,0.82,1.23,1.27,,1.14
1646,10.39,9.43,19.84,18.82,0.73,0.79,,0.13,1.39,1.44,,1.30
1647,10.60,9.64,18.33,17.32,0.94,1.02,,0.34,-0.12,-0.12,,-0.21
1648,9.92,8.96,17.79,16.78,0.26,0.28,,-0.34,-0.66,-0.68,,-0.75
1649,8.57,7.60,18.43,17.43,-1.09,-1.17,,-1.69,-0.02,-0.02,,-0.11
1650,9.36,8.40,18.99,17.98,-0.30,-0.32,,-0.90,0.54,0.56,,0.45
1651,8.93,7.97,19.05,18.04,-0.73,-0.78,,-1.33,0.60,0.62,,0.51
1652,9.36,8.39,19.14,18.13,-0.30,-0.32,,-0.90,0.69,0.71,,0.60
1653,11.01,10.05,18.69,17.68,1.35,1.46,,0.75,0.24,0.25,,0.15
1654,10.06,9.10,18.22,17.21,0.40,0.43,,-0.20,-0.23,-0.23,,-0.32
1655,9.58,8.61,18.49,17.48,-0.08,-0.08,,-0.68,0.04,0.04,,-0.05
1656,9.63,8.67,18.68,17.67,-0.03,-0.03,,-0.63,0.23,0.24,,0.14
1657,10.14,9.17,18.08,17.07,0.48,0.52,,-0.12,-0.37,-0.38,,-0.46
1658,8.22,7.26,17.67,16.67,-1.44,-1.54,,-2.04,-0.78,-0.80,,-0.87
1659,9.66,8.69,18.37,17.36,0.00,0.00,,-0.60,-0.08,-0.08,,-0.17
1660,10.95,9.99,18.43,17.42,1.29,1.39,,0.69,-0.02,-0.02,,-0.11
1661,10.87,9.91,18.86,17.86,1.21,1.31,,0.61,0.41,0.43,,0.32
1662,10.49,9.53,18.08,17.07,0.83,0.90,,0.23,-0.37,-0.38,,-0.46
1663,9.57,8.61,17.22,16.22,-0.09,-0.09,,-0.69,-1.23,-1.26,,-1.32
1664,9.95,8.99,18.80,17.79,0.29,0.32,,-0.31,0.35,0.36,,0.26
1665,8.83,7.86,18.59,17.59,-0.83,-0.89,,-1.43,0.14,0.15,,0.05
1666,10.19,9.23,20.14,19.13,0.53,0.57,,-0.07,1.69,1.75,,1.60
1667,8.67,7.70,18.60,17.58,-0.99,-1.06,,-1.59,0.15,0.16,,0.06
1668,8.78,7.81,18.52,17.52,-0.88,-0.94,,-1.48,0.07,0.08,,-0.02
1669,9.52,8.56,20.18,19.17,-0.14,-0.15,,-0.74,1.73,1.79,,1.64
1670,10.31,9.35,18.61,17.60,0.65,0.70,,0.05,0.16,0.17,,0.07
1671,10.98,10.03,18.79,17.78,1.32,1.42,,0.72,0.34,0.35,,0.25
1672,9.93,8.97,18.15,17.14,0.27,0.30,,-0.33,-0.30,-0.31,,-0.39
1673,9.61,8.65,17.85,16.84,-0.05,-0.05,,-0.65,-0.60,-0.61,,-0.69
1674,9.04,8.08,17.55,16.56,-0.62,-0.66,,-1.22,-0.90,-0.92,,-0.99
1675,8.24,7.27,16.66,15.66,-1.42,-1.52,,-2.02,-1.79,-1.84,,-1.88
1676,10.31,9.33,19.99,18.97,0.65,0.70,,0.05,1.54,1.59,,1.45
1677,9.92,8.94,18.36,17.36,0.26,0.28,,-0.34,-0.09,-0.09,,-0.18
1678,9.90,8.93,19.90,18.88,0.24,0.26,,-0.36,1.45,1.50,,1.36
1679,9.55,8.59,19.38,18.37,-0.11,-0.11,,-0.71,0.93,0.96,,0.84
1680,10.99,10.02,19.37,18.36,1.33,1.43,,0.73,0.92,0.95,,0.83
1681,9.77,8.81,18.95,17.94,0.11,0.12,,-0.49,0.50,0.52,,0.41
1682,9.98,9.01,17.92,16.93,0.32,0.35,,-0.28,-0.53,-0.54,,-0.62
1683,10.24,9.27,18.88,17.87,0.58,0.63,,-0.02,0.43,0.45,,0.34
1684,10.09,9.12,20.39,19.37,0.43,0.47,,-0.17,1.94,2.00,,1.85
1685,10.26,9.30,17.20,16.22,0.60,0.65,,0.00,-1.25,-1.28,,-1.34
1686,11.77,10.80,18.83,17.82,2.11,2.27,,1.51,0.38,0.40,,0.29
1687,8.99,8.02,18.39,17.39,-0.67,-0.72,,-1.27,-0.06,-0.06,,-0.15
1688,8.13,7.16,18.20,17.19,-1.53,-1.64,,-2.13,-0.25,-0.25,,-0.34
1689,9.37,8.41,18.18,17.17,-0.29,-0.31,,-0.89,-0.27,-0.27,,-0.36
1690,9.07,8.10,17.99,16.99,-0.59,-0.63,,-1.19,-0.46,-0.47,,-0.55
1691,8.86,7.88,18.66,17.65,-0.80,-0.86,,-1.40,0.21,0.22,,0.12
1692,8.61,7.64,17.57,16.57,-1.05,-1.12,,-1.65,-0.88,-0.90,,-0.97
1693,8.52,7.54,18.74,17.73,-1.14,-1.22,,-1.74,0.29,0.30,,0.20
1694,9.85,8.89,17.97,16.96,0.19,0.21,,-0.41,-0.48,-0.49,,-0.57
1695,7.94,6.95,16.81,15.79,-1.72,-1.84,,-2.32,-1.64,-1.69,,-1.73
1696,8.75,7.77,18.04,17.04,-0.91,-0.97,,-1.51,-0.41,-0.42,,-0.50
1697,9.69,8.71,18.06,17.07,0.03,0.04,,-0.57,-0.39,-0.40,,-0.48
1698,8.71,7.74,17.29,16.29,-0.95,-1.02,,-1.55,-1.16,-1.19,,-1.25
1699,8.45,7.47,18.64,17.63,-1.21,-1.30,,-1.81,0.19,0.20,,0.10
1700,9.28,8.30,18.01,16.99,-0.38,-0.40,,-0.98,-0.44,-0.45,,-0.53
1701,8.17,7.18,19.49,18.47,-1.49,-1.60,,-2.09,1.04,1.08,,0.95
1702,9.86,8.89,18.55,17.55,0.20,0.22,,-0.40,0.10,0.11,,0.01
1703,10.52,9.56,18.03,17.03,0.86,0.93,,0.26,-0.42,-0.43,,-0.51
1704,10.42,9.45,19.14,18.13,0.76,0.82,,0.16,0.69,0.71,,0.60
1705,9.22,8.23,18.98,17.98,-0.44,-0.47,,-1.04,0.53,0.55,,0.44
1706,10.86,9.90,20.18,19.18,1.20,1.30,,0.60,1.73,1.79,,1.64
1707,9.89,8.92,19.57,18.55,0.23,0.25,,-0.37,1.12,1.16,,1.03
1708,10.87,9.90,18.30,17.30,1.21,1.31,,0.61,-0.15,-0.15,,-0.24
1709,9.81,8.84,18.34,17.34,0.15,0.17,,-0.45,-0.11,-0.11,,-0.20
1710,10.56,9.59,18.53,17.53,0.90,0.97,,0.30,0.08,0.09,,-0.01
1711,11.06,10.10,18.99,17.98,1.40,1.51,,0.80,0.54,0.56,,0.45
1712,9.27,8.30,18.22,17.21,-0.39,-0.41,,-0.99,-0.23,-0.23,,-0.32
1713,7.99,7.00,17.13,16.13,-1.67,-1.79,,-2.27,-1.32,-1.36,,-1.41
1714,8.76,7.77,18.18,17.17,-0.90,-0.96,,-1.50,-0.27,-0.27,,-0.36
1715,11.22,10.26,18.32,17.33,1.56,1.68,,0.96,-0.13,-0.13,,-0.22
1716,8.86,7.88,17.72,16.71,-0.80,-0.86,,-1.40,-0.73,-0.75,,-0.82
1717,9.76,8.80,18.34,17.34,0.10,0.11,,-0.50,-0.11,-0.11,,-0.20
1718,10.61,9.64,19.98,18.96,0.95,1.03,,0.35,1.53,1.58,,1.44
1719,9.78,8.81,20.36,19.35,0.12,0.13,,-0.48,1.91,1.97,,1.82
1720,9.14,8.17,17.29,16.28,-0.52,-0.55,,-1.12,-1.16,-1.19,,-1.25
1721,8.67,7.69,18.45,17.44,-0.99,-1.06,,-1.59,0.00,0.00,,-0.09
1722,10.20,9.23,18.23,17.23,0.54,0.59,,-0.06,-0.22,-0.22,,-0.31
1723,11.71,10.74,18.20,17.19,2.05,2.21,,1.45,-0.25,-0.25,,-0.34
1724,9.90,8.93,19.62,18.61,0.24,0.26,,-0.36,1.17,1.21,,1.08
1725,9.42,8.45,16.24,15.24,-0.24,-0.25,,-0.84,-2.21,-2.27,,-2.30
1726,10.49,9.53,19.00,17.99,0.83,0.90,,0.23,0.55,0.57,,0.46
1727,10.90,9.93,19.22,18.21,1.24,1.34,,0.64,0.77,0.80,,0.68
1728,12.63,11.67,19.46,18.45,2.97,3.20,,2.37,1.01,1.04,,0.92
1729,7.92,6.94,19.01,18.00,-1.74,-1.87,,-2.34,0.56,0.58,,0.47
1730,10.48,9.51,18.06,17.05,0.82,0.89,,0.22,-0.39,-0.40,,-0.48
1731,8.99,8.01,18.53,17.52,-0.67,-0.72,,-1.27,0.08,0.09,,-0.01
1732,11.40,10.43,17.54,16.54,1.74,1.88,,1.14,-0.91,-0.93,,-1.00
1733,10.33,9.36,18.49,17.48,0.67,0.73,,0.07,0.04,0.04,,-0.05
1734,11.81,10.84,17.76,16.74,2.15,2.32,,1.55,-0.69,-0.71,,-0.78
1735,9.93,8.98,17.80,16.79,0.27,0.30,,-0.33,-0.65,-0.67,,-0.74
1736,10.39,9.43,18.82,17.81,0.73,0.79,,0.13,0.37,0.39,,0.28
1737,10.09,9.12,17.65,16.65,0.43,0.47,,-0.17,-0.80,-0.82,,-0.89
1738,10.09,9.12,17.97,16.98,0.43,0.47,,-0.17,-0.48,-0.49,,-0.57
1739,9.56,8.59,18.05,17.06,-0.10,-0.10,,-0.70,-0.40,-0.41,,-0.49
1740,5.94,4.96,16.99,16.01,-3.72,-3.99,,-4.32,-1.46,-1.50,,-1.55
1741,7.13,6.16,17.99,16.99,-2.53,-2.72,,-3.13,-0.46,-0.47,,-0.55
1742,7.31,6.34,18.10,17.11,-2.35,-2.52,,-2.95,-0.35,-0.36,,-0.44
1743,8.74,7.78,18.20,17.20,-0.92,-0.98,,-1.52,-0.25,-0.25,,-0.34
1744,9.21,8.26,18.09,17.11,-0.45,-0.48,,-1.05,-0.36,-0.37,,-0.45
1745,10.01,9.05,17.66,16.67,0.35,0.38,,-0.25,-0.79,-0.81,,-0.88
1746,9.28,8.32,18.69,17.70,-0.38,-0.40,,-0.98,0.24,0.25,,0.15
1747,8.62,7.65,18.45,17.44,-1.04,-1.11,,-1.64,0.00,0.00,,-0.09
1748,7.77,6.81,18.84,17.83,-1.89,-2.03,,-2.49,0.39,0.41,,0.30
1749,9.73,8.77,17.89,16.89,0.07,0.08,,-0.53,-0.56,-0.57,,-0.65
1750,11.04,10.09,18.63,17.62,1.38,1.49,,0.78,0.18,0.19,,0.09
1751,9.87,8.92,18.56,17.55,0.21,0.23,,-0.39,0.11,0.12,,0.02
1752,9.21,8.26,18.57,17.57,-0.45,-0.48,,-1.05,0.12,0.13,,0.03
1753,10.46,9.50,18.38,17.38,0.80,0.87,,0.20,-0.07,-0.07,,-0.16
1754,8.59,7.63,18.20,17.20,-1.07,-1.15,,-1.67,-0.25,-0.25,,-0.34
1755,10.08,9.12,18.56,17.56,0.42,0.46,,-0.18,0.11,0.12,,0.02
1756,9.02,8.05,18.81,17.79,-0.64,-0.68,,-1.24,0.36,0.37,,0.27
1757,10.23,9.28,19.63,18.62,0.57,0.62,,-0.03,1.18,1.22,,1.09
1758,10.57,9.60,18.05,17.03,0.91,0.98,,0.31,-0.40,-0.41,,-0.49
1759,10.53,9.56,19.46,18.44,0.87,0.94,,0.27,1.01,1.04,,0.92
1760,10.61,9.63,18.88,17.87,0.95,1.03,,0.35,0.43,0.45,,0.34
1761,11.36,10.41,19.07,18.07,1.70,1.83,,1.10,0.62,0.64,,0.53
1762,10.69,9.73,19.02,18.02,1.03,1.11,,0.43,0.57,0.59,,0.48
1763,9.28,8.31,19.22,18.22,-0.38,-0.40,,-0.98,0.77,0.80,,0.68
1764,9.56,8.61,18.65,17.64,-0.10,-0.10,,-0.70,0.20,0.21,,0.11
1765,10.50,9.55,18.56,17.54,0.84,0.91,,0.24,0.11,0.12,,0.02
1766,10.68,9.74,18.60,17.60,1.02,1.10,,0.42,0.15,0.16,,0.06
1767,8.89,7.93,18.22,17.22,-0.77,-0.82,,-1.37,-0.23,-0.23,,-0.32
1768,9.86,8.88,18.69,17.69,0.20,0.22,,-0.40,0.24,0.25,,0.15
1769,9.94,8.98,18.34,17.34,0.28,0.31,,-0.32,-0.11,-0.11,,-0.20
1770,8.37,7.40,18.10,17.10,-1.29,-1.38,,-1.89,-0.35,-0.36,,-0.44
1771,9.35,8.38,17.94,16.95,-0.31,-0.33,,-0.91,-0.51,-0.52,,-0.60
1772,9.70,8.74,19.36,18.36,0.04,0.05,,-0.56,0.91,0.94,,0.82
1773,9.76,8.81,18.09,17.08,0.10,0.11,,-0.50,-0.36,-0.37,,-0.45
1774,11.10,10.16,18.72,17.74,1.44,1.55,,0.84,0.27,0.28,,0.18
1775,9.83,8.86,19.58,18.57,0.17,0.19,,-0.43,1.13,1.17,,1.04
1776,9.99,9.03,18.86,17.86,0.33,0.36,,-0.27,0.41,0.43,,0.32
1777,9.69,8.73,18.14,17.14,0.03,0.04,,-0.57,-0.31,-0.32,,-0.40
1778,10.56,9.61,19.62,18.61,0.90,0.97,,0.30,1.17,1.21,,1.08
1779,11.88,10.94,18.81,17.79,2.22,2.39,,1.62,0.36,0.37,,0.27
1780,11.38,10.42,19.70,18.68,1.72,1.85,,1.12,1.25,1.29,,1.16
1781,12.70,11.73,20.49,19.46,3.04,3.27,,2.44,2.04,2.11,,1.95
1782,9.37,8.40,19.71,18.70,-0.29,-0.31,,-0.89,1.26,1.30,,1.17
1783,10.55,9.59,19.91,18.88,0.89,0.96,,0.29,1.46,1.51,,1.37
1784,9.73,8.76,18.77,17.77,0.07,0.08,,-0.53,0.32,0.33,,0.23
1785,7.27,6.28,18.13,17.13,-2.39,-2.56,,-2.99,-0.32,-0.33,,-0.41
1786,9.65,8.69,18.27,17.26,-0.01,-0.01,,-0.61,-0.18,-0.18,,-0.27
1787,10.05,9.07,18.99,17.98,0.39,0.42,,-0.21,0.54,0.56,,0.45
1788,10.77,9.81,19.54,18.55,1.11,1.20,,0.51,1.09,1.13,,1.00
1789,10.00,9.03,18.47,17.47,0.34,0.37,,-0.26,0.02,0.02,,-0.07
1790,10.67,9.70,18.86,17.86,1.01,1.09,,0.41,0.41,0.43,,0.32
1791,11.28,10.32,19.29,18.28,1.62,1.75,,1.02,0.84,0.87,,0.75
1792,11.13,10.16,19.10,18.10,1.47,1.59,,0.87,0.65,0.67,,0.56
1793,9.22,8.26,19.47,18.47,-0.44,-0.47,,-1.04,1.02,1.06,,0.93
1794,12.39,11.45,19.84,18.82,2.73,2.94,,2.13,1.39,1.44,,1.30
1795,10.53,9.58,18.37,17.37,0.87,0.94,,0.27,-0.08,-0.08,,-0.17
1796,9.29,8.31,18.49,17.49,-0.37,-0.39,,-0.97,0.04,0.04,,-0.05
1797,11.07,10.12,19.10,18.10,1.41,1.52,,0.81,0.65,0.67,,0.56
1798,11.03,10.07,19.45,18.45,1.37,1.48,,0.77,1.00,1.03,,0.91
1799,8.92,7.94,18.03,17.03,-0.74,-0.79,,-1.34,-0.42,-0.43,,-0.51
1800,11.74,10.76,18.36,17.35,2.08,2.24,,1.48,-0.09,-0.09,,-0.18
1801,11.37,10.43,18.17,17.15,1.71,1.84,,1.11,-0.28,-0.28,,-0.37
1802,10.51,9.55,19.40,18.41,0.85,0.92,,0.25,0.95,0.98,,0.86
1803,10.07,9.12,19.42,18.42,0.41,0.45,,-0.19,0.97,1.00,,0.88
1804,9.95,8.99,18.75,17.76,0.29,0.32,,-0.31,0.30,0.31,,0.21
1805,8.94,7.97,17.50,16.51,-0.72,-0.77,,-1.32,-0.95,-0.98,,-1.04
1806,10.10,9.14,18.47,17.48,0.44,0.48,,-0.16,0.02,0.02,,-0.07
1807,9.37,8.39,20.58,19.58,-0.29,-0.31,,-0.89,2.13,2.20,,2.04
1808,9.06,8.08,19.57,18.57,-0.60,-0.64,,-1.20,1.12,1.16,,1.03
1809,9.81,8.82,18.20,17.20,0.15,0.17,,-0.45,-0.25,-0.25,,-0.34
1810,10.31,9.34,17.97,16.96,0.65,0.70,,0.05,-0.48,-0.49,,-0.57
1811,12.47,11.52,19.57,18.55,2.81,3.03,,2.21,1.12,1.16,,1.03
1812,9.44,8.47,17.89,16.89,-0.22,-0.23,,-0.82,-0.56,-0.57,,-0.65
1813,10.69,9.73,17.07,16.05,1.03,1.11,,0.43,-1.38,-1.42,,-1.47
1814,9.40,8.43,17.83,16.83,-0.26,-0.27,,-0.86,-0.62,-0.64,,-0.71
1815,11.63,10.67,17.54,16.53,1.97,2.12,,1.37,-0.91,-0.93,,-1.00
1816,9.14,8.17,16.13,15.12,-0.52,-0.55,,-1.12,-2.32,-2.39,,-2.41
1817,8.29,7.33,18.01,17.01,-1.37,-1.47,,-1.97,-0.44,-0.45,,-0.53
1818,10.58,9.62,18.96,17.94,0.92,0.99,,0.32,0.51,0.53,,0.42
1819,11.28,10.31,18.95,17.93,1.62,1.75,,1.02,0.50,0.52,,0.41
1820,10.42,9.47,18.00,17.00,0.76,0.82,,0.16,-0.45,-0.46,,-0.54
1821,10.49,9.53,17.13,16.12,0.83,0.90,,0.23,-1.32,-1.36,,-1.41
1822,12.34,11.41,19.88,18.87,2.68,2.89,,2.08,1.43,1.48,,1.34
1823,10.01,9.06,17.69,16.69,0.35,0.38,,-0.25,-0.76,-0.78,,-0.85
1824,8.98,8.03,18.20,17.23,-0.68,-0.73,,-1.28,-0.25,-0.25,,-0.34
1825,10.01,9.04,18.59,17.58,0.35,0.38,,-0.25,0.14,0.15,,0.05
1826,9.76,8.81,20.10,19.05,0.10,0.11,,-0.50,1.65,1.70,,1.56
1827,11.40,10.46,19.05,18.04,1.74,1.88,,1.14,0.60,0.62,,0.51
1828,10.82,9.87,18.67,17.67,1.16,1.25,,0.56,0.22,0.23,,0.13
1829,9.93,8.96,17.88,16.88,0.27,0.30,,-0.33,-0.57,-0.58,,-0.66
1830,11.77,10.80,18.54,17.56,2.11,2.27,,1.51,0.09,0.10,,0.00
1831,11.24,10.28,18.31,17.32,1.58,1.70,,0.98,-0.14,-0.14,,-0.23
1832,9.56,8.60,18.12,17.11,-0.10,-0.10,,-0.70,-0.33,-0.34,,-0.42
1833,10.65,9.68,17.75,16.72,0.99,1.07,,0.39,-0.70,-0.72,,-0.79
1834,10.62,9.67,20.20,19.17,0.96,1.04,,0.36,1.75,1.81,,1.66
1835,9.69,8.73,19.13,18.12,0.03,0.04,,-0.57,0.68,0.70,,0.59
1836,10.03,9.08,18.79,17.77,0.37,0.40,,-0.23,0.34,0.35,,0.25
1837,7.25,6.28,19.09,18.08,-2.41,-2.59,,-3.01,0.64,0.66,,0.55
1838,9.22,8.25,17.79,16.78,-0.44,-0.47,,-1.04,-0.66,-0.68,,-0.75
1839,8.42,7.44,18.77,17.76,-1.24,-1.33,,-1.84,0.32,0.33,,0.23
1840,9.36,8.38,18.03,17.02,-0.30,-0.32,,-0.90,-0.42,-0.43,,-0.51
1841,12.11,11.15,17.11,16.11,2.45,2.64,,1.85,-1.34,-1.38,,-1.43
1842,10.17,9.20,19.52,18.52,0.51,0.55,,-0.09,1.07,1.11,,0.98
1843,9.70,8.72,17.44,16.43,0.04,0.05,,-0.56,-1.01,-1.04,,-1.10
1844,10.17,9.20,17.19,16.22,0.51,0.55,,-0.09,-1.26,-1.30,,-1.35
1845,7.65,6.66,17.84,16.85,-2.01,-2.16,,-2.61,-0.61,-0.63,,-0.70
1846,11.16,10.20,20.62,19.62,1.50,1.62,,0.90,2.17,2.24,,2.08
1847,9.87,8.90,18.59,17.58,0.21,0.23,,-0.39,0.14,0.15,,0.05
1848,11.09,10.14,18.70,17.70,1.43,1.54,,0.83,0.25,0.26,,0.16
1849,9.77,8.80,18.28,17.28,0.11,0.12,,-0.49,-0.17,-0.17,,-0.26
1850,9.32,8.35,18.38,17.35,-0.34,-0.36,,-0.94,-0.07,-0.07,,-0.16
1851,9.53,8.55,18.19,17.16,-0.13,-0.13,,-0.73,-0.26,-0.26,,-0.35
1852,8.75,7.77,18.89,17.88,-0.91,-0.97,,-1.51,0.44,0.46,,0.35
1853,7.82,6.84,18.55,17.56,-1.84,-1.97,,-2.44,0.10,0.11,,0.01
1854,10.22,9.26,17.93,16.92,0.56,0.61,,-0.04,-0.52,-0.53,,-0.61
1855,8.39,7.43,18.51,17.51,-1.27,-1.36,,-1.87,0.06,0.07,,-0.03
1856,8.94,7.98,18.66,17.66,-0.72,-0.77,,-1.32,0.21,0.22,,0.12
1857,9.79,8.82,19.77,18.73,0.13,0.14,,-0.47,1.32,1.36,,1.23
1858,9.07,8.11,18.96,17.93,-0.59,-0.63,,-1.19,0.51,0.53,,0.42
1859,10.88,9.93,20.77,19.73,1.22,1.32,,0.62,2.32,2.40,,2.23
1860,9.45,8.48,17.16,16.15,-0.21,-0.22,,-0.81,-1.29,-1.33,,-1.38
1861,9.77,8.80,19.41,18.40,0.11,0.12,,-0.49,0.96,0.99,,0.87
1862,12.61,11.65,18.27,17.27,2.95,3.18,,2.35,-0.18,-0.18,,-0.27
1863,10.79,9.84,18.80,17.79,1.13,1.22,,0.53,0.35,0.36,,0.26
1864,9.66,8.69,17.54,16.53,0.00,0.00,,-0.60,-0.91,-0.93,,-1.00
1865,10.97,10.00,19.10,18.08,1.31,1.41,,0.71,0.65,0.67,,0.56
1866,9.89,8.92,18.68,17.66,0.23,0.25,,-0.37,0.23,0.24,,0.14
1867,10.23,9.25,18.52,17.51,0.57,0.62,,-0.03,0.07,0.08,,-0.02
1868,11.41,10.45,20.00,18.97,1.75,1.89,,1.15,1.55,1.60,,1.46
1869,10.70,9.74,17.79,16.79,1.04,1.12,,0.44,-0.66,-0.68,,-0.75
1870,9.83,8.87,18.79,17.79,0.17,0.19,,-0.43,0.34,0.35,,0.25
1871,10.06,9.09,18.08,17.08,0.40,0.43,,-0.20,-0.37,-0.38,,-0.46
1872,10.98,10.02,18.36,17.37,1.32,1.42,,0.72,-0.09,-0.09,,-0.18
1873,10.02,9.04,19.48,18.47,0.36,0.39,,-0.24,1.03,1.07,,0.94
1874,9.60,8.63,19.47,18.45,-0.06,-0.06,,-0.66,1.02,1.06,,0.93
1875,9.66,8.67,19.41,18.38,0.00,0.00,,-0.60,0.96,0.99,,0.87
1876,9.78,8.81,19.32,18.29,0.12,0.13,,-0.48,0.87,0.90,,0.78
1877,8.63,7.65,19.76,18.73,-1.03,-1.10,,-1.63,1.31,1.35,,1.22
1878,10.29,9.33,18.39,17.38,0.63,0.68,,0.03,-0.06,-0.06,,-0.15
1879,8.36,7.40,18.02,17.02,-1.30,-1.39,,-1.90,-0.43,-0.44,,-0.52
1880,10.64,9.66,18.22,17.23,0.98,1.06,,0.38,-0.23,-0.23,,-0.32
1881,9.63,8.66,18.87,17.86,-0.03,-0.03,,-0.63,0.42,0.44,,0.33
1882,11.20,10.25,17.55,16.52,1.54,1.66,,0.94,-0.90,-0.92,,-0.99
1883,8.33,7.36,18.05,17.03,-1.33,-1.43,,-1.93,-0.40,-0.41,,-0.49
1884,10.59,9.61,18.19,17.16,0.93,1.00,,0.33,-0.26,-0.26,,-0.35
1885,9.67,8.71,18.72,17.69,0.01,0.02,,-0.59,0.27,0.28,,0.18
1886,9.81,8.85,18.27,17.24,0.15,0.17,,-0.45,-0.18,-0.18,,-0.27
1887,8.69,7.73,19.41,18.39,-0.97,-1.04,,-1.57,0.96,0.99,,0.87
1888,8.74,7.78,17.44,16.42,-0.92,-0.98,,-1.52,-1.01,-1.04,,-1.10
1889,9.63,8.66,18.59,17.58,-0.03,-0.03,,-0.63,0.14,0.15,,0.05
1890,9.98,9.03,17.36,16.37,0.32,0.35,,-0.28,-1.09,-1.12,,-1.18
1891,8.96,8.00,17.70,16.70,-0.70,-0.75,,-1.30,-0.75,-0.77,,-0.84
1892,9.50,8.53,18.72,17.69,-0.16,-0.17,,-0.76,0.27,0.28,,0.18
1893,11.11,10.14,18.93,17.92,1.45,1.56,,0.85,0.48,0.50,,0.39
1894,10.94,9.97,18.08,17.08,1.28,1.38,,0.68,-0.37,-0.38,,-0.46
1895,10.00,9.03,18.55,17.54,0.34,0.37,,-0.26,0.10,0.11,,0.01
1896,10.41,9.43,18.11,17.08,0.75,0.81,,0.15,-0.34,-0.35,,-0.43
1897,10.30,9.35,19.32,18.30,0.64,0.69,,0.04,0.87,0.90,,0.78
1898,10.27,9.29,18.15,17.13,0.61,0.66,,0.01,-0.30,-0.31,,-0.39
1899,9.90,8.93,18.98,17.97,0.24,0.26,,-0.36,0.53,0.55,,0.44
1900,8.81,7.83,19.19,18.18,-0.85,-0.91,,-1.45,0.74,0.77,,0.65
1901,9.63,8.67,19.10,18.09,-0.03,-0.03,,-0.63,0.65,0.67,,0.56
1902,9.37,8.41,17.80,16.77,-0.29,-0.31,,-0.89,-0.65,-0.67,,-0.74
1903,9.70,8.76,17.70,16.68,0.04,0.05,,-0.56,-0.75,-0.77,,-0.84
1904,10.47,9.50,19.47,18.47,0.81,0.88,,0.21,1.02,1.06,,0.93
1905,9.90,8.95,19.53,18.53,0.24,0.26,,-0.36,1.08,1.12,,0.99
1906,9.87,8.90,17.77,16.74,0.21,0.23,,-0.39,-0.68,-0.70,,-0.77
1907,9.77,8.80,17.57,16.54,0.11,0.12,,-0.49,-0.88,-0.90,,-0.97
1908,9.43,8.46,18.43,17.43,-0.23,-0.24,,-0.83,-0.02,-0.02,,-0.11
1909,9.70,8.74,17.20,16.22,0.04,0.05,,-0.56,-1.25,-1.28,,-1.34
1910,9.93,8.97,17.93,16.90,0.27,0.30,,-0.33,-0.52,-0.53,,-0.61
1911,10.47,9.49,20.13,19.13,0.81,0.88,,0.21,1.68,1.74,,1.59
1912,10.97,10.00,17.60,16.59,1.31,1.41,,0.71,-0.85,-0.87,,-0.94
1913,11.33,10.37,17.10,16.10,1.67,1.80,,1.07,-1.35,-1.39,,-1.44
1914,10.93,9.95,18.27,17.25,1.27,1.37,,0.67,-0.18,-0.18,,-0.27
1915,10.17,9.20,18.47,17.43,0.51,0.55,,-0.09,0.02,0.02,,-0.07
1916,11.03,10.05,17.47,16.44,1.37,1.48,,0.77,-0.98,-1.01,,-1.07
1917,9.50,8.54,19.43,18.38,-0.16,-0.17,,-0.76,0.98,1.01,,0.89
1918,11.37,10.41,17.83,16.80,1.71,1.84,,1.11,-0.62,-0.64,,-0.71
1919,9.40,8.47,17.90,16.90,-0.26,-0.27,,-0.86,-0.55,-0.56,,-0.64
1920,12.37,11.39,18.17,17.17,2.71,2.92,,2.11,-0.28,-0.28,,-0.37
1921,11.53,10.54,19.67,18.64,1.87,2.02,,1.27,1.22,1.26,,1.13
1922,10.63,9.67,18.23,17.19,0.97,1.05,,0.37,-0.22,-0.22,,-0.31
1923,10.67,9.70,18.17,17.15,1.01,1.09,,0.41,-0.28,-0.28,,-0.37
1924,10.70,9.73,18.00,17.02,1.04,1.12,,0.44,-0.45,-0.46,,-0.54
1925,10.30,9.33,18.93,17.90,0.64,0.69,,0.04,0.48,0.50,,0.39
1926,10.90,9.94,17.53,16.52,1.24,1.34,,0.64,-0.92,-0.94,,-1.01
1927,10.87,9.91,18.17,17.16,1.21,1.31,,0.61,-0.28,-0.28,,-0.37
1928,9.47,8.52,19.17,18.17,-0.19,-0.20,,-0.79,0.72,0.75,,0.63
1929,9.63,8.65,18.97,17.94,-0.03,-0.03,,-0.63,0.52,0.54,,0.43
1930,10.30,9.33,19.03,18.03,0.64,0.69,,0.04,0.58,0.60,,0.49
1931,9.33,8.46,18.33,17.33,-0.33,-0.35,,-0.93,-0.12,-0.12,,-0.21
1932,8.83,7.93,19.10,18.12,-0.83,-0.89,,-1.43,0.65,0.67,,0.56
1933,10.17,9.21,18.70,17.72,0.51,0.55,,-0.09,0.25,0.26,,0.16
1934,11.30,10.40,18.83,17.81,1.64,1.77,,1.04,0.38,0.40,,0.29
1935,9.07,8.10,19.27,18.27,-0.59,-0.63,,-1.19,0.82,0.85,,0.73
1936,10.67,9.66,18.03,17.02,1.01,1.09,,0.41,-0.42,-0.43,,-0.51
1937,10.67,9.68,19.00,18.00,1.01,1.09,,0.41,0.55,0.57,,0.46
1938,9.63,8.70,18.47,17.50,-0.03,-0.03,,-0.63,0.02,0.02,,-0.07
1939,9.53,8.49,18.53,17.60,-0.13,-0.13,,-0.73,0.08,0.09,,-0.01
1940,10.30,9.24,17.53,16.51,0.64,0.69,,0.04,-0.92,-0.94,,-1.01
1941,8.90,7.89,18.30,17.35,-0.76,-0.81,,-1.36,-0.15,-0.15,,-0.24
1942,10.27,9.22,18.07,17.13,0.61,0.66,,0.01,-0.38,-0.39,,-0.47
1943,11.67,10.76,18.53,17.50,2.01,2.17,,1.41,0.08,0.09,,-0.01
1944,9.67,8.65,18.77,17.76,0.01,0.02,,-0.59,0.32,0.33,,0.23
1945,12.10,11.11,19.13,18.19,2.44,2.63,,1.84,0.68,0.70,,0.59
1946,11.63,10.71,18.53,17.55,1.97,2.12,,1.37,0.08,0.09,,-0.01
1947,11.97,10.98,21.03,20.01,2.31,2.49,,1.71,2.58,2.66,,2.49
1948,12.40,11.41,17.73,16.70,2.74,2.95,,2.14,-0.72,-0.74,,-0.81
1949,10.80,9.78,19.07,18.06,1.14,1.23,,0.54,0.62,0.64,,0.53
1950,11.03,10.08,19.97,18.97,1.37,1.48,,0.77,1.52,1.57,,1.43
1951,9.37,8.41,18.47,17.43,-0.29,-0.31,,-0.89,0.02,0.02,,-0.07
1952,10.97,10.04,19.80,18.81,1.31,1.41,,0.71,1.35,1.40,,1.26
1953,11.47,10.52,18.33,17.37,1.81,1.95,,1.21,-0.12,-0.12,,-0.21
1954,9.83,8.89,17.43,16.44,0.17,0.19,,-0.43,-1.02,-1.05,,-1.11
1955,8.60,7.66,18.30,17.27,-1.06,-1.13,,-1.66,-0.15,-0.15,,-0.24
1956,9.70,8.69,16.63,15.66,0.04,0.05,,-0.56,-1.82,-1.87,,-1.91
1957,10.37,9.45,18.50,17.48,0.71,0.77,,0.11,0.05,0.06,,-0.04
1958,8.47,7.50,18.20,17.19,-1.19,-1.27,,-1.79,-0.25,-0.25,,-0.34
1959,11.60,10.64,19.73,18.73,1.94,2.09,,1.34,1.28,1.32,,1.19
1960,10.93,9.91,17.77,16.76,1.27,1.37,,0.67,-0.68,-0.70,,-0.77
1961,11.07,10.10,17.57,16.54,1.41,1.52,,0.81,-0.88,-0.90,,-0.97
1962,8.23,7.27,17.90,16.88,-1.43,-1.53,,-2.03,-0.55,-0.56,,-0.64
1963,9.90,8.88,18.37,17.36,0.24,0.26,,-0.36,-0.08,-0.08,,-0.17
1964,10.00,9.04,19.57,18.56,0.34,0.37,,-0.26,1.12,1.16,,1.03
1965,9.27,8.27,17.20,16.18,-0.39,-0.41,,-0.99,-1.25,-1.28,,-1.34
1966,10.60,9.65,17.70,16.66,0.94,1.02,,0.34,-0.75,-0.77,,-0.84
1967,10.17,9.21,18.70,17.65,0.51,0.55,,-0.09,0.25,0.26,,0.16
1968,10.23,9.21,17.87,16.86,0.57,0.62,,-0.03,-0.58,-0.59,,-0.67
1969,9.67,8.69,18.43,17.40,0.01,0.02,,-0.59,-0.02,-0.02,,-0.11
1970,8.47,7.49,18.73,17.69,-1.19,-1.27,,-1.79,0.28,0.29,,0.19
1971,10.27,9.28,18.77,17.72,0.61,0.66,,0.01,0.32,0.33,,0.23
1972,10.03,9.02,18.03,16.92,0.37,0.40,,-0.23,-0.42,-0.43,,-0.51
1973,9.40,8.42,19.33,18.26,-0.26,-0.27,,-0.86,0.88,0.91,,0.79
1974,10.53,9.63,17.70,16.73,0.87,0.94,,0.27,-0.75,-0.77,,-0.84
1975,9.37,8.44,19.33,18.23,-0.29,-0.31,,-0.89,0.88,0.91,,0.79
1976,9.67,8.70,20.37,19.31,0.01,0.02,,-0.59,1.92,1.98,,1.83
1977,9.90,8.94,17.97,16.92,0.24,0.26,,-0.36,-0.48,-0.49,,-0.57
1978,9.90,8.95,17.00,16.01,0.24,0.26,,-0.36,-1.45,-1.49,,-1.54
1979,9.53,8.61,17.83,16.86,-0.13,-0.13,,-0.73,-0.62,-0.64,,-0.71
1980,9.33,8.31,17.27,16.26,-0.33,-0.35,,-0.93,-1.18,-1.21,,-1.27
1981,11.13,10.25,17.97,16.99,1.47,1.59,,0.87,-0.48,-0.49,,-0.57
1982,9.67,8.73,19.53,18.49,0.01,0.02,,-0.59,1.08,1.12,,0.99
1983,9.70,8.78,20.63,19.62,0.04,0.05,,-0.56,2.18,2.25,,2.09
1984,8.23,7.29,17.70,16.72,-1.43,-1.53,,-2.03,-0.75,-0.77,,-0.84
1985,9.87,8.96,17.73,16.82,0.21,0.23,,-0.39,-0.72,-0.74,,-0.81
1986,9.63,8.72,18.63,17.64,-0.03,-0.03,,-0.63,0.18,0.19,,0.09
1987,8.60,7.63,17.57,16.63,-1.06,-1.13,,-1.66,-0.88,-0.90,,-0.97
1988,10.37,9.45,18.30,17.36,0.71,0.77,,0.11,-0.15,-0.15,,-0.24
1989,11.47,10.55,18.63,17.67,1.81,1.95,,1.21,0.18,0.19,,0.09
1990,11.47,10.50,18.97,17.95,1.81,1.95,,1.21,0.52,0.54,,0.43
1991,9.73,8.81,19.53,18.55,0.07,0.08,,-0.53,1.08,1.12,,0.99
1992,11.10,10.21,19.97,18.99,1.44,1.55,,0.84,1.52,1.57,,1.43
1993,11.53,10.62,18.73,17.73,1.87,2.02,,1.27,0.28,0.29,,0.19
1994,11.07,10.22,20.87,19.82,1.41,1.52,,0.81,2.42,2.50,,2.33
1995,10.20,9.28,19.80,18.75,0.54,0.59,,-0.06,1.35,1.40,,1.26
1996,9.33,8.40,18.50,17.53,-0.33,-0.35,,-0.93,0.05,0.06,,-0.04
1997,10.80,9.90,19.47,18.44,1.14,1.23,,0.54,1.02,1.06,,0.93
1998,11.27,10.37,18.97,17.99,1.61,1.74,,1.01,0.52,0.54,,0.43
1999,11.40,10.49,19.23,18.25,1.74,1.88,,1.14,0.78,0.81,,0.69
2000,11.90,11.01,18.77,17.81,2.24,2.41,,1.64,0.32,0.33,,0.23
2001,11.40,10.40,19.67,18.59,1.74,1.88,,1.14,1.22,1.26,,1.13
2002,11.07,10.14,19.87,18.87,1.41,1.52,,0.81,1.42,1.46,,1.33
