ngram,year,freq_per_1e9,source
dunder and blixum,1780,0.0,https://books.google.com/ngrams/json?content=dunder%20and%20blixem%2Cdunder%20and%20blixum%2Cdonder%20and%20blixem%2Cdonder%20and%20blitzen%2Cdunder%20and%20blitzen&year_start=1780&year_end=1860&corpus=en&smoothing=0&case_insensitive=true
dunder and blixum,1781,0.0,https://books.google.com/ngrams/json?content=dunder%20and%20blixem%2Cdunder%20and%20blixum%2Cdonder%20and%20blixem%2Cdonder%20and%20blitzen%2Cdunder%20and%20blitzen&year_start=1780&year_end=1860&corpus=en&smoothing=0&case_insensitive=true
dunder and blixum,1782,0.0,https://books.google.com/ngrams/json?content=dunder%20and%20blixem%2Cdunder%20and%20blixum%2Cdonder%20and%20blixem%2Cdonder%20and%20blitzen%2Cdunder%20and%20blitzen&year_start=1780&year_end=1860&corpus=en&smoothing=0&case_insensitive=true
dunder and blixum,1783,0.0,https://books.google.com/ngrams/json?content=dunder%20and%20blixem%2Cdunder%20and%20blixum%2Cdonder%20and%20blixem%2Cdonder%20and%20blitzen%2Cdunder%20and%20blitzen&year_start=1780&year_end=1860&corpus=en&smoothing=0&case_insensitive=true
dunder and blixum,1784,0.0,https://books.google.com/ngrams/json?content=dunder%20and%20blixem%2Cdunder%20and%20blixum%2Cdonder%20and%20blixem%2Cdonder%20and%20blitzen%2Cdunder%20and%20blitzen&year_start=1780&year_end=1860&corpus=en&smoothing=0&case_insensitive=true
dunder and blixum,1785,0.0,https://books.google.com/ngrams/json?content=dunder%20and%20blixem%2Cdunder%20and%20blixum%2Cdonder%20and%20blixem%2Cdonder%20and%20blitzen%2Cdunder%20and%20blitzen&year_start=1780&year_end=1860&corpus=en&smoothing=0&case_insensitive=true
dunder and blixum,1786,0.0,https://books.google.com/ngrams/json?content=dunder%20and%20blixem%2Cdunder%20and%20blixum%2Cdonder%20and%20blixem%2Cdonder%20and%20blitzen%2Cdunder%20and%20blitzen&year_start=1780&year_end=1860&corpus=en&smoothing=0&case_insensitive=true
dunder and blixum,1787,0.0,https://books.google.com/ngrams/json?content=dunder%20and%20blixem%2Cdunder%20and%20blixum%2Cdonder%20and%20blixem%2Cdonder%20and%20blitzen%2Cdunder%20and%20blitzen&year_start=1780&year_end=1860&corpus=en&smoothing=0&case_insensitive=true
dunder and blixum,1788,0.0,https://books.google.com/ngrams/json?content=dunder%20and%20blixem%2Cdunder%20and%20blixum%2Cdonder%20and%20blixem%2Cdonder%20and%20blitzen%2Cdunder%20and%20blitzen&year_start=1780&year_end=1860&corpus=en&smoothing=0&case_insensitive=true
dunder and blixum,1789,0.0,https://books.google.com/ngrams/json?content=dunder%20and%20blixem%2Cdunder%20and%20blixum%2Cdonder%20and%20blixem%2Cdonder%20and%20blitzen%2Cdunder%20and%20blitzen&year_start=1780&year_end=1860&corpus=en&smoothing=0&case_insensitive=true
dunder and blixum,1790,0.0,https://books.google.com/ngrams/json?content=dunder%20and%20blixem%2Cdunder%20and%20blixum%2Cdonder%20and%20blixem%2Cdonder%20and%20blitzen%2Cdunder%20and%20blitzen&year_start=1780&year_end=1860&corpus=en&smoothing=0&case_insensitive=true
dunder and blixum,1791,0.0,https://books.google.com/ngrams/json?content=dunder%20and%20blixem%2Cdunder%20and%20blixum%2Cdonder%20and%20blixem%2Cdonder%20and%20blitzen%2Cdunder%20and%20blitzen&year_start=1780&year_end=1860&corpus=en&smoothing=0&case_insensitive=true
dunder and blixum,1792,0.0,https://books.google.com/ngrams/json?content=dunder%20and%20blixem%2Cdunder%20and%20blixum%2Cdonder%20and%20blixem%2Cdonder%20and%20blitzen%2Cdunder%20and%20blitzen&year_start=1780&year_end=1860&corpus=en&smoothing=0&case_insensitive=true
dunder and blixum,1793,0.0,https://books.google.com/ngrams/json?content=dunder%20and%20blixem%2Cdunder%20and%20blixum%2Cdonder%20and%20blixem%2Cdonder%20and%20blitzen%2Cdunder%20and%20blitzen&year_start=1780&year_end=1860&corpus=en&smoothing=0&case_insensitive=true
dunder and blixum,1794,0.0,https://books.google.com/ngrams/json?content=dunder%20and%20blixem%2Cdunder%20and%20blixum%2Cdonder%20and%20blixem%2Cdonder%20and%20blitzen%2Cdunder%20and%20blitzen&year_start=1780&year_end=1860&corpus=en&smoothing=0&case_insensitive=true
dunder and blixum,1795,0.0,https://books.google.com/ngrams/json?content=dunder%20and%20blixem%2Cdunder%20and%20blixum%2Cdonder%20and%20blixem%2Cdonder%20and%20blitzen%2Cdunder%20and%20blitzen&year_start=1780&year_end=1860&corpus=en&smoothing=0&case_insensitive=true
dunder and blixum,1796,0.0,https://books.google.com/ngrams/json?content=dunder%20and%20blixem%2Cdunder%20and%20blixum%2Cdonder%20and%20blixem%2Cdonder%20and%20blitzen%2Cdunder%20and%20blitzen&year_start=1780&year_end=1860&corpus=en&smoothing=0&case_insensitive=true
dunder and blixum,1797,0.0,https://books.google.com/ngrams/json?content=dunder%20and%20blixem%2Cdunder%20and%20blixum%2Cdonder%20and%20blixem%2Cdonder%20and%20blitzen%2Cdunder%20and%20blitzen&year_start=1780&year_end=1860&corpus=en&smoothing=0&case_insensitive=true
dunder and blixum,1798,0.0,https://books.google.com/ngrams/json?content=dunder%20and%20blixem%2Cdunder%20and%20blixum%2Cdonder%20and%20blixem%2Cdonder%20and%20blitzen%2Cdunder%20and%20blitzen&year_start=1780&year_end=1860&corpus=en&smoothing=0&case_insensitive=true
dunder and blixum,1799,0.0,https://books.google.com/ngrams/json?content=dunder%20and%20blixem%2Cdunder%20and%20blixum%2Cdonder%20and%20blixem%2Cdonder%20and%20blitzen%2Cdunder%20and%20blitzen&year_start=1780&year_end=1860&corpus=en&smoothing=0&case_insensitive=true
dunder and blixum,1800,0.0,https://books.google.com/ngrams/json?content=dunder%20and%20blixem%2Cdunder%20and%20blixum%2Cdonder%20and%20blixem%2Cdonder%20and%20blitzen%2Cdunder%20and%20blitzen&year_start=1780&year_end=1860&corpus=en&smoothing=0&case_insensitive=true
dunder and blixum,1801,0.0,https://books.google.com/ngrams/json?content=dunder%20and%20blixem%2Cdunder%20and%20blixum%2Cdonder%20and%20blixem%2Cdonder%20and%20blitzen%2Cdunder%20and%20blitzen&year_start=1780&year_end=1860&corpus=en&smoothing=0&case_insensitive=true
dunder and blixum,1802,0.0,https://books.google.com/ngrams/json?content=dunder%20and%20blixem%2Cdunder%20and%20blixum%2Cdonder%20and%20blixem%2Cdonder%20and%20blitzen%2Cdunder%20and%20blitzen&year_start=1780&year_end=1860&corpus=en&smoothing=0&case_insensitive=true
dunder and blixum,1803,4.1155,https://books.google.com/ngrams/json?content=dunder%20and%20blixem%2Cdunder%20and%20blixum%2Cdonder%20and%20blixem%2Cdonder%20and%20blitzen%2Cdunder%20and%20blitzen&year_start=1780&year_end=1860&corpus=en&smoothing=0&case_insensitive=true
dunder and blixum,1804,0.0,https://books.google.com/ngrams/json?content=dunder%20and%20blixem%2Cdunder%20and%20blixum%2Cdonder%20and%20blixem%2Cdonder%20and%20blitzen%2Cdunder%20and%20blitzen&year_start=1780&year_end=1860&corpus=en&smoothing=0&case_insensitive=true
dunder and blixum,1805,0.0,https://books.google.com/ngrams/json?content=dunder%20and%20blixem%2Cdunder%20and%20blixum%2Cdonder%20and%20blixem%2Cdonder%20and%20blitzen%2Cdunder%20and%20blitzen&year_start=1780&year_end=1860&corpus=en&smoothing=0&case_insensitive=true
dunder and blixum,1806,0.0,https://books.google.com/ngrams/json?content=dunder%20and%20blixem%2Cdunder%20and%20blixum%2Cdonder%20and%20blixem%2Cdonder%20and%20blitzen%2Cdunder%20and%20blitzen&year_start=1780&year_end=1860&corpus=en&smoothing=0&case_insensitive=true
dunder and blixum,1807,0.0,https://books.google.com/ngrams/json?content=dunder%20and%20blixem%2Cdunder%20and%20blixum%2Cdonder%20and%20blixem%2Cdonder%20and%20blitzen%2Cdunder%20and%20blitzen&year_start=1780&year_end=1860&corpus=en&smoothing=0&case_insensitive=true
dunder and blixum,1808,0.0,https://books.google.com/ngrams/json?content=dunder%20and%20blixem%2Cdunder%20and%20blixum%2Cdonder%20and%20blixem%2Cdonder%20and%20blitzen%2Cdunder%20and%20blitzen&year_start=1780&year_end=1860&corpus=en&smoothing=0&case_insensitive=true
dunder and blixum,1809,0.0,https://books.google.com/ngrams/json?content=dunder%20and%20blixem%2Cdunder%20and%20blixum%2Cdonder%20and%20blixem%2Cdonder%20and%20blitzen%2Cdunder%20and%20blitzen&year_start=1780&year_end=1860&corpus=en&smoothing=0&case_insensitive=true
dunder and blixum,1810,0.0,https://books.google.com/ngrams/json?content=dunder%20and%20blixem%2Cdunder%20and%20blixum%2Cdonder%20and%20blixem%2Cdonder%20and%20blitzen%2Cdunder%20and%20blitzen&year_start=1780&year_end=1860&corpus=en&smoothing=0&case_insensitive=true
dunder and blixum,1811,0.0,https://books.google.com/ngrams/json?content=dunder%20and%20blixem%2Cdunder%20and%20blixum%2Cdonder%20and%20blixem%2Cdonder%20and%20blitzen%2Cdunder%20and%20blitzen&year_start=1780&year_end=1860&corpus=en&smoothing=0&case_insensitive=true
dunder and blixum,1812,1.4959,https://books.google.com/ngrams/json?content=dunder%20and%20blixem%2Cdunder%20and%20blixum%2Cdonder%20and%20blixem%2Cdonder%20and%20blitzen%2Cdunder%20and%20blitzen&year_start=1780&year_end=1860&corpus=en&smoothing=0&case_insensitive=true
dunder and blixum,1813,0.0,https://books.google.com/ngrams/json?content=dunder%20and%20blixem%2Cdunder%20and%20blixum%2Cdonder%20and%20blixem%2Cdonder%20and%20blitzen%2Cdunder%20and%20blitzen&year_start=1780&year_end=1860&corpus=en&smoothing=0&case_insensitive=true
dunder and blixum,1814,0.0,https://books.google.com/ngrams/json?content=dunder%20and%20blixem%2Cdunder%20and%20blixum%2Cdonder%20and%20blixem%2Cdonder%20and%20blitzen%2Cdunder%20and%20blitzen&year_start=1780&year_end=1860&corpus=en&smoothing=0&case_insensitive=true
dunder and blixum,1815,0.0,https://books.google.com/ngrams/json?content=dunder%20and%20blixem%2Cdunder%20and%20blixum%2Cdonder%20and%20blixem%2Cdonder%20and%20blitzen%2Cdunder%20and%20blitzen&year_start=1780&year_end=1860&corpus=en&smoothing=0&case_insensitive=true
dunder and blixum,1816,0.0,https://books.google.com/ngrams/json?content=dunder%20and%20blixem%2Cdunder%20and%20blixum%2Cdonder%20and%20blixem%2Cdonder%20and%20blitzen%2Cdunder%20and%20blitzen&year_start=1780&year_end=1860&corpus=en&smoothing=0&case_insensitive=true
dunder and blixum,1817,0.0,https://books.google.com/ngrams/json?content=dunder%20and%20blixem%2Cdunder%20and%20blixum%2Cdonder%20and%20blixem%2Cdonder%20and%20blitzen%2Cdunder%20and%20blitzen&year_start=1780&year_end=1860&corpus=en&smoothing=0&case_insensitive=true
dunder and blixum,1818,0.0,https://books.google.com/ngrams/json?content=dunder%20and%20blixem%2Cdunder%20and%20blixum%2Cdonder%20and%20blixem%2Cdonder%20and%20blitzen%2Cdunder%20and%20blitzen&year_start=1780&year_end=1860&corpus=en&smoothing=0&case_insensitive=true
dunder and blixum,1819,0.0,https://books.google.com/ngrams/json?content=dunder%20and%20blixem%2Cdunder%20and%20blixum%2Cdonder%20and%20blixem%2Cdonder%20and%20blitzen%2Cdunder%20and%20blitzen&year_start=1780&year_end=1860&corpus=en&smoothing=0&case_insensitive=true
dunder and blixum,1820,0.0,https://books.google.com/ngrams/json?content=dunder%20and%20blixem%2Cdunder%20and%20blixum%2Cdonder%20and%20blixem%2Cdonder%20and%20blitzen%2Cdunder%20and%20blitzen&year_start=1780&year_end=1860&corpus=en&smoothing=0&case_insensitive=true
dunder and blixum,1821,5.2502,https://books.google.com/ngrams/json?content=dunder%20and%20blixem%2Cdunder%20and%20blixum%2Cdonder%20and%20blixem%2Cdonder%20and%20blitzen%2Cdunder%20and%20blitzen&year_start=1780&year_end=1860&corpus=en&smoothing=0&case_insensitive=true
dunder and blixum,1822,0.0,https://books.google.com/ngrams/json?content=dunder%20and%20blixem%2Cdunder%20and%20blixum%2Cdonder%20and%20blixem%2Cdonder%20and%20blitzen%2Cdunder%20and%20blitzen&year_start=1780&year_end=1860&corpus=en&smoothing=0&case_insensitive=true
dunder and blixum,1823,0.0,https://books.google.com/ngrams/json?content=dunder%20and%20blixem%2Cdunder%20and%20blixum%2Cdonder%20and%20blixem%2Cdonder%20and%20blitzen%2Cdunder%20and%20blitzen&year_start=1780&year_end=1860&corpus=en&smoothing=0&case_insensitive=true
dunder and blixum,1824,3.5794,https://books.google.com/ngrams/json?content=dunder%20and%20blixem%2Cdunder%20and%20blixum%2Cdonder%20and%20blixem%2Cdonder%20and%20blitzen%2Cdunder%20and%20blitzen&year_start=1780&year_end=1860&corpus=en&smoothing=0&case_insensitive=true
dunder and blixum,1825,4.6206,https://books.google.com/ngrams/json?content=dunder%20and%20blixem%2Cdunder%20and%20blixum%2Cdonder%20and%20blixem%2Cdonder%20and%20blitzen%2Cdunder%20and%20blitzen&year_start=1780&year_end=1860&corpus=en&smoothing=0&case_insensitive=true
dunder and blixum,1826,7.6476,https://books.google.com/ngrams/json?content=dunder%20and%20blixem%2Cdunder%20and%20blixum%2Cdonder%20and%20blixem%2Cdonder%20and%20blitzen%2Cdunder%20and%20blitzen&year_start=1780&year_end=1860&corpus=en&smoothing=0&case_insensitive=true
dunder and blixum,1827,4.8499,https://books.google.com/ngrams/json?content=dunder%20and%20blixem%2Cdunder%20and%20blixum%2Cdonder%20and%20blixem%2Cdonder%20and%20blitzen%2Cdunder%20and%20blitzen&year_start=1780&year_end=1860&corpus=en&smoothing=0&case_insensitive=true
dunder and blixum,1828,0.0,https://books.google.com/ngrams/json?content=dunder%20and%20blixem%2Cdunder%20and%20blixum%2Cdonder%20and%20blixem%2Cdonder%20and%20blitzen%2Cdunder%20and%20blitzen&year_start=1780&year_end=1860&corpus=en&smoothing=0&case_insensitive=true
dunder and blixum,1829,0.0,https://books.google.com/ngrams/json?content=dunder%20and%20blixem%2Cdunder%20and%20blixum%2Cdonder%20and%20blixem%2Cdonder%20and%20blitzen%2Cdunder%20and%20blitzen&year_start=1780&year_end=1860&corpus=en&smoothing=0&case_insensitive=true
dunder and blixum,1830,0.0,https://books.google.com/ngrams/json?content=dunder%20and%20blixem%2Cdunder%20and%20blixum%2Cdonder%20and%20blixem%2Cdonder%20and%20blitzen%2Cdunder%20and%20blitzen&year_start=1780&year_end=1860&corpus=en&smoothing=0&case_insensitive=true
dunder and blixum,1831,0.0,https://books.google.com/ngrams/json?content=dunder%20and%20blixem%2Cdunder%20and%20blixum%2Cdonder%20and%20blixem%2Cdonder%20and%20blitzen%2Cdunder%20and%20blitzen&year_start=1780&year_end=1860&corpus=en&smoothing=0&case_insensitive=true
dunder and blixum,1832,0.6537,https://books.google.com/ngrams/json?content=dunder%20and%20blixem%2Cdunder%20and%20blixum%2Cdonder%20and%20blixem%2Cdonder%20and%20blitzen%2Cdunder%20and%20blitzen&year_start=1780&year_end=1860&corpus=en&smoothing=0&case_insensitive=true
dunder and blixum,1833,0.8647,https://books.google.com/ngrams/json?content=dunder%20and%20blixem%2Cdunder%20and%20blixum%2Cdonder%20and%20blixem%2Cdonder%20and%20blitzen%2Cdunder%20and%20blitzen&year_start=1780&year_end=1860&corpus=en&smoothing=0&case_insensitive=true
dunder and blixum,1834,1.6896,https://books.google.com/ngrams/json?content=dunder%20and%20blixem%2Cdunder%20and%20blixum%2Cdonder%20and%20blixem%2Cdonder%20and%20blitzen%2Cdunder%20and%20blitzen&year_start=1780&year_end=1860&corpus=en&smoothing=0&case_insensitive=true
dunder and blixum,1835,0.0,https://books.google.com/ngrams/json?content=dunder%20and%20blixem%2Cdunder%20and%20blixum%2Cdonder%20and%20blixem%2Cdonder%20and%20blitzen%2Cdunder%20and%20blitzen&year_start=1780&year_end=1860&corpus=en&smoothing=0&case_insensitive=true
dunder and blixum,1836,0.0,https://books.google.com/ngrams/json?content=dunder%20and%20blixem%2Cdunder%20and%20blixum%2Cdonder%20and%20blixem%2Cdonder%20and%20blitzen%2Cdunder%20and%20blitzen&year_start=1780&year_end=1860&corpus=en&smoothing=0&case_insensitive=true
dunder and blixum,1837,2.4572,https://books.google.com/ngrams/json?content=dunder%20and%20blixem%2Cdunder%20and%20blixum%2Cdonder%20and%20blixem%2Cdonder%20and%20blitzen%2Cdunder%20and%20blitzen&year_start=1780&year_end=1860&corpus=en&smoothing=0&case_insensitive=true
dunder and blixum,1838,0.8072,https://books.google.com/ngrams/json?content=dunder%20and%20blixem%2Cdunder%20and%20blixum%2Cdonder%20and%20blixem%2Cdonder%20and%20blitzen%2Cdunder%20and%20blitzen&year_start=1780&year_end=1860&corpus=en&smoothing=0&case_insensitive=true
dunder and blixum,1839,2.2802,https://books.google.com/ngrams/json?content=dunder%20and%20blixem%2Cdunder%20and%20blixum%2Cdonder%20and%20blixem%2Cdonder%20and%20blitzen%2Cdunder%20and%20blitzen&year_start=1780&year_end=1860&corpus=en&smoothing=0&case_insensitive=true
dunder and blixum,1840,4.5886,https://books.google.com/ngrams/json?content=dunder%20and%20blixem%2Cdunder%20and%20blixum%2Cdonder%20and%20blixem%2Cdonder%20and%20blitzen%2Cdunder%20and%20blitzen&year_start=1780&year_end=1860&corpus=en&smoothing=0&case_insensitive=true
dunder and blixum,1841,0.7041,https://books.google.com/ngrams/json?content=dunder%20and%20blixem%2Cdunder%20and%20blixum%2Cdonder%20and%20blixem%2Cdonder%20and%20blitzen%2Cdunder%20and%20blitzen&year_start=1780&year_end=1860&corpus=en&smoothing=0&case_insensitive=true
dunder and blixum,1842,0.0,https://books.google.com/ngrams/json?content=dunder%20and%20blixem%2Cdunder%20and%20blixum%2Cdonder%20and%20blixem%2Cdonder%20and%20blitzen%2Cdunder%20and%20blitzen&year_start=1780&year_end=1860&corpus=en&smoothing=0&case_insensitive=true
dunder and blixum,1843,0.0,https://books.google.com/ngrams/json?content=dunder%20and%20blixem%2Cdunder%20and%20blixum%2Cdonder%20and%20blixem%2Cdonder%20and%20blitzen%2Cdunder%20and%20blitzen&year_start=1780&year_end=1860&corpus=en&smoothing=0&case_insensitive=true
dunder and blixum,1844,0.6057,https://books.google.com/ngrams/json?content=dunder%20and%20blixem%2Cdunder%20and%20blixum%2Cdonder%20and%20blixem%2Cdonder%20and%20blitzen%2Cdunder%20and%20blitzen&year_start=1780&year_end=1860&corpus=en&smoothing=0&case_insensitive=true
dunder and blixum,1845,0.0,https://books.google.com/ngrams/json?content=dunder%20and%20blixem%2Cdunder%20and%20blixum%2Cdonder%20and%20blixem%2Cdonder%20and%20blitzen%2Cdunder%20and%20blitzen&year_start=1780&year_end=1860&corpus=en&smoothing=0&case_insensitive=true
dunder and blixum,1846,0.0,https://books.google.com/ngrams/json?content=dunder%20and%20blixem%2Cdunder%20and%20blixum%2Cdonder%20and%20blixem%2Cdonder%20and%20blitzen%2Cdunder%20and%20blitzen&year_start=1780&year_end=1860&corpus=en&smoothing=0&case_insensitive=true
dunder and blixum,1847,0.5394,https://books.google.com/ngrams/json?content=dunder%20and%20blixem%2Cdunder%20and%20blixum%2Cdonder%20and%20blixem%2Cdonder%20and%20blitzen%2Cdunder%20and%20blitzen&year_start=1780&year_end=1860&corpus=en&smoothing=0&case_insensitive=true
dunder and blixum,1848,0.0,https://books.google.com/ngrams/json?content=dunder%20and%20blixem%2Cdunder%20and%20blixum%2Cdonder%20and%20blixem%2Cdonder%20and%20blitzen%2Cdunder%20and%20blitzen&year_start=1780&year_end=1860&corpus=en&smoothing=0&case_insensitive=true
dunder and blixum,1849,0.0,https://books.google.com/ngrams/json?content=dunder%20and%20blixem%2Cdunder%20and%20blixum%2Cdonder%20and%20blixem%2Cdonder%20and%20blitzen%2Cdunder%20and%20blitzen&year_start=1780&year_end=1860&corpus=en&smoothing=0&case_insensitive=true
dunder and blixum,1850,1.5135,https://books.google.com/ngrams/json?content=dunder%20and%20blixem%2Cdunder%20and%20blixum%2Cdonder%20and%20blixem%2Cdonder%20and%20blitzen%2Cdunder%20and%20blitzen&year_start=1780&year_end=1860&corpus=en&smoothing=0&case_insensitive=true
dunder and blixum,1851,0.9522,https://books.google.com/ngrams/json?content=dunder%20and%20blixem%2Cdunder%20and%20blixum%2Cdonder%20and%20blixem%2Cdonder%20and%20blitzen%2Cdunder%20and%20blitzen&year_start=1780&year_end=1860&corpus=en&smoothing=0&case_insensitive=true
dunder and blixum,1852,0.0,https://books.google.com/ngrams/json?content=dunder%20and%20blixem%2Cdunder%20and%20blixum%2Cdonder%20and%20blixem%2Cdonder%20and%20blitzen%2Cdunder%20and%20blitzen&year_start=1780&year_end=1860&corpus=en&smoothing=0&case_insensitive=true
dunder and blixum,1853,0.4198,https://books.google.com/ngrams/json?content=dunder%20and%20blixem%2Cdunder%20and%20blixum%2Cdonder%20and%20blixem%2Cdonder%20and%20blitzen%2Cdunder%20and%20blitzen&year_start=1780&year_end=1860&corpus=en&smoothing=0&case_insensitive=true
dunder and blixum,1854,0.0,https://books.google.com/ngrams/json?content=dunder%20and%20blixem%2Cdunder%20and%20blixum%2Cdonder%20and%20blixem%2Cdonder%20and%20blitzen%2Cdunder%20and%20blitzen&year_start=1780&year_end=1860&corpus=en&smoothing=0&case_insensitive=true
dunder and blixum,1855,0.4327,https://books.google.com/ngrams/json?content=dunder%20and%20blixem%2Cdunder%20and%20blixum%2Cdonder%20and%20blixem%2Cdonder%20and%20blitzen%2Cdunder%20and%20blitzen&year_start=1780&year_end=1860&corpus=en&smoothing=0&case_insensitive=true
dunder and blixum,1856,0.4381,https://books.google.com/ngrams/json?content=dunder%20and%20blixem%2Cdunder%20and%20blixum%2Cdonder%20and%20blixem%2Cdonder%20and%20blitzen%2Cdunder%20and%20blitzen&year_start=1780&year_end=1860&corpus=en&smoothing=0&case_insensitive=true
dunder and blixum,1857,0.0,https://books.google.com/ngrams/json?content=dunder%20and%20blixem%2Cdunder%20and%20blixum%2Cdonder%20and%20blixem%2Cdonder%20and%20blitzen%2Cdunder%20and%20blitzen&year_start=1780&year_end=1860&corpus=en&smoothing=0&case_insensitive=true
dunder and blixum,1858,0.0,https://books.google.com/ngrams/json?content=dunder%20and%20blixem%2Cdunder%20and%20blixum%2Cdonder%20and%20blixem%2Cdonder%20and%20blitzen%2Cdunder%20and%20blitzen&year_start=1780&year_end=1860&corpus=en&smoothing=0&case_insensitive=true
dunder and blixum,1859,0.0,https://books.google.com/ngrams/json?content=dunder%20and%20blixem%2Cdunder%20and%20blixum%2Cdonder%20and%20blixem%2Cdonder%20and%20blitzen%2Cdunder%20and%20blitzen&year_start=1780&year_end=1860&corpus=en&smoothing=0&case_insensitive=true
dunder and blixum,1860,0.0,https://books.google.com/ngrams/json?content=dunder%20and%20blixem%2Cdunder%20and%20blixum%2Cdonder%20and%20blixem%2Cdonder%20and%20blitzen%2Cdunder%20and%20blitzen&year_start=1780&year_end=1860&corpus=en&smoothing=0&case_insensitive=true
donder and blitzen,1780,7.0373,https://books.google.com/ngrams/json?content=dunder%20and%20blixem%2Cdunder%20and%20blixum%2Cdonder%20and%20blixem%2Cdonder%20and%20blitzen%2Cdunder%20and%20blitzen&year_start=1780&year_end=1860&corpus=en&smoothing=0&case_insensitive=true
donder and blitzen,1781,0.0,https://books.google.com/ngrams/json?content=dunder%20and%20blixem%2Cdunder%20and%20blixum%2Cdonder%20and%20blixem%2Cdonder%20and%20blitzen%2Cdunder%20and%20blitzen&year_start=1780&year_end=1860&corpus=en&smoothing=0&case_insensitive=true
donder and blitzen,1782,0.0,https://books.google.com/ngrams/json?content=dunder%20and%20blixem%2Cdunder%20and%20blixum%2Cdonder%20and%20blixem%2Cdonder%20and%20blitzen%2Cdunder%20and%20blitzen&year_start=1780&year_end=1860&corpus=en&smoothing=0&case_insensitive=true
donder and blitzen,1783,0.0,https://books.google.com/ngrams/json?content=dunder%20and%20blixem%2Cdunder%20and%20blixum%2Cdonder%20and%20blixem%2Cdonder%20and%20blitzen%2Cdunder%20and%20blitzen&year_start=1780&year_end=1860&corpus=en&smoothing=0&case_insensitive=true
donder and blitzen,1784,0.0,https://books.google.com/ngrams/json?content=dunder%20and%20blixem%2Cdunder%20and%20blixum%2Cdonder%20and%20blixem%2Cdonder%20and%20blitzen%2Cdunder%20and%20blitzen&year_start=1780&year_end=1860&corpus=en&smoothing=0&case_insensitive=true
donder and blitzen,1785,0.0,https://books.google.com/ngrams/json?content=dunder%20and%20blixem%2Cdunder%20and%20blixum%2Cdonder%20and%20blixem%2Cdonder%20and%20blitzen%2Cdunder%20and%20blitzen&year_start=1780&year_end=1860&corpus=en&smoothing=0&case_insensitive=true
donder and blitzen,1786,0.0,https://books.google.com/ngrams/json?content=dunder%20and%20blixem%2Cdunder%20and%20blixum%2Cdonder%20and%20blixem%2Cdonder%20and%20blitzen%2Cdunder%20and%20blitzen&year_start=1780&year_end=1860&corpus=en&smoothing=0&case_insensitive=true
donder and blitzen,1787,0.0,https://books.google.com/ngrams/json?content=dunder%20and%20blixem%2Cdunder%20and%20blixum%2Cdonder%20and%20blixem%2Cdonder%20and%20blitzen%2Cdunder%20and%20blitzen&year_start=1780&year_end=1860&corpus=en&smoothing=0&case_insensitive=true
donder and blitzen,1788,0.0,https://books.google.com/ngrams/json?content=dunder%20and%20blixem%2Cdunder%20and%20blixum%2Cdonder%20and%20blixem%2Cdonder%20and%20blitzen%2Cdunder%20and%20blitzen&year_start=1780&year_end=1860&corpus=en&smoothing=0&case_insensitive=true
donder and blitzen,1789,0.0,https://books.google.com/ngrams/json?content=dunder%20and%20blixem%2Cdunder%20and%20blixum%2Cdonder%20and%20blixem%2Cdonder%20and%20blitzen%2Cdunder%20and%20blitzen&year_start=1780&year_end=1860&corpus=en&smoothing=0&case_insensitive=true
donder and blitzen,1790,0.0,https://books.google.com/ngrams/json?content=dunder%20and%20blixem%2Cdunder%20and%20blixum%2Cdonder%20and%20blixem%2Cdonder%20and%20blitzen%2Cdunder%20and%20blitzen&year_start=1780&year_end=1860&corpus=en&smoothing=0&case_insensitive=true
donder and blitzen,1791,0.0,https://books.google.com/ngrams/json?content=dunder%20and%20blixem%2Cdunder%20and%20blixum%2Cdonder%20and%20blixem%2Cdonder%20and%20blitzen%2Cdunder%20and%20blitzen&year_start=1780&year_end=1860&corpus=en&smoothing=0&case_insensitive=true
donder and blitzen,1792,0.0,https://books.google.com/ngrams/json?content=dunder%20and%20blixem%2Cdunder%20and%20blixum%2Cdonder%20and%20blixem%2Cdonder%20and%20blitzen%2Cdunder%20and%20blitzen&year_start=1780&year_end=1860&corpus=en&smoothing=0&case_insensitive=true
donder and blitzen,1793,0.0,https://books.google.com/ngrams/json?content=dunder%20and%20blixem%2Cdunder%20and%20blixum%2Cdonder%20and%20blixem%2Cdonder%20and%20blitzen%2Cdunder%20and%20blitzen&year_start=1780&year_end=1860&corpus=en&smoothing=0&case_insensitive=true
donder and blitzen,1794,0.0,https://books.google.com/ngrams/json?content=dunder%20and%20blixem%2Cdunder%20and%20blixum%2Cdonder%20and%20blixem%2Cdonder%20and%20blitzen%2Cdunder%20and%20blitzen&year_start=1780&year_end=1860&corpus=en&smoothing=0&case_insensitive=true
donder and blitzen,1795,0.0,https://books.google.com/ngrams/json?content=dunder%20and%20blixem%2Cdunder%20and%20blixum%2Cdonder%20and%20blixem%2Cdonder%20and%20blitzen%2Cdunder%20and%20blitzen&year_start=1780&year_end=1860&corpus=en&smoothing=0&case_insensitive=true
donder and blitzen,1796,0.0,https://books.google.com/ngrams/json?content=dunder%20and%20blixem%2Cdunder%20and%20blixum%2Cdonder%20and%20blixem%2Cdonder%20and%20blitzen%2Cdunder%20and%20blitzen&year_start=1780&year_end=1860&corpus=en&smoothing=0&case_insensitive=true
donder and blitzen,1797,0.0,https://books.google.com/ngrams/json?content=dunder%20and%20blixem%2Cdunder%20and%20blixum%2Cdonder%20and%20blixem%2Cdonder%20and%20blitzen%2Cdunder%20and%20blitzen&year_start=1780&year_end=1860&corpus=en&smoothing=0&case_insensitive=true
donder and blitzen,1798,0.0,https://books.google.com/ngrams/json?content=dunder%20and%20blixem%2Cdunder%20and%20blixum%2Cdonder%20and%20blixem%2Cdonder%20and%20blitzen%2Cdunder%20and%20blitzen&year_start=1780&year_end=1860&corpus=en&smoothing=0&case_insensitive=true
donder and blitzen,1799,0.0,https://books.google.com/ngrams/json?content=dunder%20and%20blixem%2Cdunder%20and%20blixum%2Cdonder%20and%20blixem%2Cdonder%20and%20blitzen%2Cdunder%20and%20blitzen&year_start=1780&year_end=1860&corpus=en&smoothing=0&case_insensitive=true
donder and blitzen,1800,0.0,https://books.google.com/ngrams/json?content=dunder%20and%20blixem%2Cdunder%20and%20blixum%2Cdonder%20and%20blixem%2Cdonder%20and%20blitzen%2Cdunder%20and%20blitzen&year_start=1780&year_end=1860&corpus=en&smoothing=0&case_insensitive=true
donder and blitzen,1801,0.0,https://books.google.com/ngrams/json?content=dunder%20and%20blixem%2Cdunder%20and%20blixum%2Cdonder%20and%20blixem%2Cdonder%20and%20blitzen%2Cdunder%20and%20blitzen&year_start=1780&year_end=1860&corpus=en&smoothing=0&case_insensitive=true
donder and blitzen,1802,0.0,https://books.google.com/ngrams/json?content=dunder%20and%20blixem%2Cdunder%20and%20blixum%2Cdonder%20and%20blixem%2Cdonder%20and%20blitzen%2Cdunder%20and%20blitzen&year_start=1780&year_end=1860&corpus=en&smoothing=0&case_insensitive=true
donder and blitzen,1803,0.0,https://books.google.com/ngrams/json?content=dunder%20and%20blixem%2Cdunder%20and%20blixum%2Cdonder%20and%20blixem%2Cdonder%20and%20blitzen%2Cdunder%20and%20blitzen&year_start=1780&year_end=1860&corpus=en&smoothing=0&case_insensitive=true
donder and blitzen,1804,0.0,https://books.google.com/ngrams/json?content=dunder%20and%20blixem%2Cdunder%20and%20blixum%2Cdonder%20and%20blixem%2Cdonder%20and%20blitzen%2Cdunder%20and%20blitzen&year_start=1780&year_end=1860&corpus=en&smoothing=0&case_insensitive=true
donder and blitzen,1805,0.0,https://books.google.com/ngrams/json?content=dunder%20and%20blixem%2Cdunder%20and%20blixum%2Cdonder%20and%20blixem%2Cdonder%20and%20blitzen%2Cdunder%20and%20blitzen&year_start=1780&year_end=1860&corpus=en&smoothing=0&case_insensitive=true
donder and blitzen,1806,0.0,https://books.google.com/ngrams/json?content=dunder%20and%20blixem%2Cdunder%20and%20blixum%2Cdonder%20and%20blixem%2Cdonder%20and%20blitzen%2Cdunder%20and%20blitzen&year_start=1780&year_end=1860&corpus=en&smoothing=0&case_insensitive=true
donder and blitzen,1807,0.0,https://books.google.com/ngrams/json?content=dunder%20and%20blixem%2Cdunder%20and%20blixum%2Cdonder%20and%20blixem%2Cdonder%20and%20blitzen%2Cdunder%20and%20blitzen&year_start=1780&year_end=1860&corpus=en&smoothing=0&case_insensitive=true
donder and blitzen,1808,0.0,https://books.google.com/ngrams/json?content=dunder%20and%20blixem%2Cdunder%20and%20blixum%2Cdonder%20and%20blixem%2Cdonder%20and%20blitzen%2Cdunder%20and%20blitzen&year_start=1780&year_end=1860&corpus=en&smoothing=0&case_insensitive=true
donder and blitzen,1809,0.0,https://books.google.com/ngrams/json?content=dunder%20and%20blixem%2Cdunder%20and%20blixum%2Cdonder%20and%20blixem%2Cdonder%20and%20blitzen%2Cdunder%20and%20blitzen&year_start=1780&year_end=1860&corpus=en&smoothing=0&case_insensitive=true
donder and blitzen,1810,0.0,https://books.google.com/ngrams/json?content=dunder%20and%20blixem%2Cdunder%20and%20blixum%2Cdonder%20and%20blixem%2Cdonder%20and%20blitzen%2Cdunder%20and%20blitzen&year_start=1780&year_end=1860&corpus=en&smoothing=0&case_insensitive=true
donder and blitzen,1811,0.0,https://books.google.com/ngrams/json?content=dunder%20and%20blixem%2Cdunder%20and%20blixum%2Cdonder%20and%20blixem%2Cdonder%20and%20blitzen%2Cdunder%20and%20blitzen&year_start=1780&year_end=1860&corpus=en&smoothing=0&case_insensitive=true
donder and blitzen,1812,0.0,https://books.google.com/ngrams/json?content=dunder%20and%20blixem%2Cdunder%20and%20blixum%2Cdonder%20and%20blixem%2Cdonder%20and%20blitzen%2Cdunder%20and%20blitzen&year_start=1780&year_end=1860&corpus=en&smoothing=0&case_insensitive=true
donder and blitzen,1813,0.0,https://books.google.com/ngrams/json?content=dunder%20and%20blixem%2Cdunder%20and%20blixum%2Cdonder%20and%20blixem%2Cdonder%20and%20blitzen%2Cdunder%20and%20blitzen&year_start=1780&year_end=1860&corpus=en&smoothing=0&case_insensitive=true
donder and blitzen,1814,0.0,https://books.google.com/ngrams/json?content=dunder%20and%20blixem%2Cdunder%20and%20blixum%2Cdonder%20and%20blixem%2Cdonder%20and%20blitzen%2Cdunder%20and%20blitzen&year_start=1780&year_end=1860&corpus=en&smoothing=0&case_insensitive=true
donder and blitzen,1815,0.0,https://books.google.com/ngrams/json?content=dunder%20and%20blixem%2Cdunder%20and%20blixum%2Cdonder%20and%20blixem%2Cdonder%20and%20blitzen%2Cdunder%20and%20blitzen&year_start=1780&year_end=1860&corpus=en&smoothing=0&case_insensitive=true
donder and blitzen,1816,0.0,https://books.google.com/ngrams/json?content=dunder%20and%20blixem%2Cdunder%20and%20blixum%2Cdonder%20and%20blixem%2Cdonder%20and%20blitzen%2Cdunder%20and%20blitzen&year_start=1780&year_end=1860&corpus=en&smoothing=0&case_insensitive=true
donder and blitzen,1817,0.0,https://books.google.com/ngrams/json?content=dunder%20and%20blixem%2Cdunder%20and%20blixum%2Cdonder%20and%20blixem%2Cdonder%20and%20blitzen%2Cdunder%20and%20blitzen&year_start=1780&year_end=1860&corpus=en&smoothing=0&case_insensitive=true
donder and blitzen,1818,0.0,https://books.google.com/ngrams/json?content=dunder%20and%20blixem%2Cdunder%20and%20blixum%2Cdonder%20and%20blixem%2Cdonder%20and%20blitzen%2Cdunder%20and%20blitzen&year_start=1780&year_end=1860&corpus=en&smoothing=0&case_insensitive=true
donder and blitzen,1819,0.0,https://books.google.com/ngrams/json?content=dunder%20and%20blixem%2Cdunder%20and%20blixum%2Cdonder%20and%20blixem%2Cdonder%20and%20blitzen%2Cdunder%20and%20blitzen&year_start=1780&year_end=1860&corpus=en&smoothing=0&case_insensitive=true
donder and blitzen,1820,1.5985,https://books.google.com/ngrams/json?content=dunder%20and%20blixem%2Cdunder%20and%20blixum%2Cdonder%20and%20blixem%2Cdonder%20and%20blitzen%2Cdunder%20and%20blitzen&year_start=1780&year_end=1860&corpus=en&smoothing=0&case_insensitive=true
donder and blitzen,1821,0.0,https://books.google.com/ngrams/json?content=dunder%20and%20blixem%2Cdunder%20and%20blixum%2Cdonder%20and%20blixem%2Cdonder%20and%20blitzen%2Cdunder%20and%20blitzen&year_start=1780&year_end=1860&corpus=en&smoothing=0&case_insensitive=true
donder and blitzen,1822,0.0,https://books.google.com/ngrams/json?content=dunder%20and%20blixem%2Cdunder%20and%20blixum%2Cdonder%20and%20blixem%2Cdonder%20and%20blitzen%2Cdunder%20and%20blitzen&year_start=1780&year_end=1860&corpus=en&smoothing=0&case_insensitive=true
donder and blitzen,1823,0.0,https://books.google.com/ngrams/json?content=dunder%20and%20blixem%2Cdunder%20and%20blixum%2Cdonder%20and%20blixem%2Cdonder%20and%20blitzen%2Cdunder%20and%20blitzen&year_start=1780&year_end=1860&corpus=en&smoothing=0&case_insensitive=true
donder and blitzen,1824,0.0,https://books.google.com/ngrams/json?content=dunder%20and%20blixem%2Cdunder%20and%20blixum%2Cdonder%20and%20blixem%2Cdonder%20and%20blitzen%2Cdunder%20and%20blitzen&year_start=1780&year_end=1860&corpus=en&smoothing=0&case_insensitive=true
donder and blitzen,1825,0.0,https://books.google.com/ngrams/json?content=dunder%20and%20blixem%2Cdunder%20and%20blixum%2Cdonder%20and%20blixem%2Cdonder%20and%20blitzen%2Cdunder%20and%20blitzen&year_start=1780&year_end=1860&corpus=en&smoothing=0&case_insensitive=true
donder and blitzen,1826,1.2746,https://books.google.com/ngrams/json?content=dunder%20and%20blixem%2Cdunder%20and%20blixum%2Cdonder%20and%20blixem%2Cdonder%20and%20blitzen%2Cdunder%20and%20blitzen&year_start=1780&year_end=1860&corpus=en&smoothing=0&case_insensitive=true
donder and blitzen,1827,0.0,https://books.google.com/ngrams/json?content=dunder%20and%20blixem%2Cdunder%20and%20blixum%2Cdonder%20and%20blixem%2Cdonder%20and%20blitzen%2Cdunder%20and%20blitzen&year_start=1780&year_end=1860&corpus=en&smoothing=0&case_insensitive=true
donder and blitzen,1828,0.0,https://books.google.com/ngrams/json?content=dunder%20and%20blixem%2Cdunder%20and%20blixum%2Cdonder%20and%20blixem%2Cdonder%20and%20blitzen%2Cdunder%20and%20blitzen&year_start=1780&year_end=1860&corpus=en&smoothing=0&case_insensitive=true
donder and blitzen,1829,1.168,https://books.google.com/ngrams/json?content=dunder%20and%20blixem%2Cdunder%20and%20blixum%2Cdonder%20and%20blixem%2Cdonder%20and%20blitzen%2Cdunder%20and%20blitzen&year_start=1780&year_end=1860&corpus=en&smoothing=0&case_insensitive=true
donder and blitzen,1830,0.0,https://books.google.com/ngrams/json?content=dunder%20and%20blixem%2Cdunder%20and%20blixum%2Cdonder%20and%20blixem%2Cdonder%20and%20blitzen%2Cdunder%20and%20blitzen&year_start=1780&year_end=1860&corpus=en&smoothing=0&case_insensitive=true
donder and blitzen,1831,2.093,https://books.google.com/ngrams/json?content=dunder%20and%20blixem%2Cdunder%20and%20blixum%2Cdonder%20and%20blixem%2Cdonder%20and%20blitzen%2Cdunder%20and%20blitzen&year_start=1780&year_end=1860&corpus=en&smoothing=0&case_insensitive=true
donder and blitzen,1832,3.2687,https://books.google.com/ngrams/json?content=dunder%20and%20blixem%2Cdunder%20and%20blixum%2Cdonder%20and%20blixem%2Cdonder%20and%20blitzen%2Cdunder%20and%20blitzen&year_start=1780&year_end=1860&corpus=en&smoothing=0&case_insensitive=true
donder and blitzen,1833,1.7294,https://books.google.com/ngrams/json?content=dunder%20and%20blixem%2Cdunder%20and%20blixum%2Cdonder%20and%20blixem%2Cdonder%20and%20blitzen%2Cdunder%20and%20blitzen&year_start=1780&year_end=1860&corpus=en&smoothing=0&case_insensitive=true
donder and blitzen,1834,0.0,https://books.google.com/ngrams/json?content=dunder%20and%20blixem%2Cdunder%20and%20blixum%2Cdonder%20and%20blixem%2Cdonder%20and%20blitzen%2Cdunder%20and%20blitzen&year_start=1780&year_end=1860&corpus=en&smoothing=0&case_insensitive=true
donder and blitzen,1835,0.7803,https://books.google.com/ngrams/json?content=dunder%20and%20blixem%2Cdunder%20and%20blixum%2Cdonder%20and%20blixem%2Cdonder%20and%20blitzen%2Cdunder%20and%20blitzen&year_start=1780&year_end=1860&corpus=en&smoothing=0&case_insensitive=true
donder and blitzen,1836,0.0,https://books.google.com/ngrams/json?content=dunder%20and%20blixem%2Cdunder%20and%20blixum%2Cdonder%20and%20blixem%2Cdonder%20and%20blitzen%2Cdunder%20and%20blitzen&year_start=1780&year_end=1860&corpus=en&smoothing=0&case_insensitive=true
donder and blitzen,1837,3.2763,https://books.google.com/ngrams/json?content=dunder%20and%20blixem%2Cdunder%20and%20blixum%2Cdonder%20and%20blixem%2Cdonder%20and%20blitzen%2Cdunder%20and%20blitzen&year_start=1780&year_end=1860&corpus=en&smoothing=0&case_insensitive=true
donder and blitzen,1838,3.2287,https://books.google.com/ngrams/json?content=dunder%20and%20blixem%2Cdunder%20and%20blixum%2Cdonder%20and%20blixem%2Cdonder%20and%20blitzen%2Cdunder%20and%20blitzen&year_start=1780&year_end=1860&corpus=en&smoothing=0&case_insensitive=true
donder and blitzen,1839,2.2802,https://books.google.com/ngrams/json?content=dunder%20and%20blixem%2Cdunder%20and%20blixum%2Cdonder%20and%20blixem%2Cdonder%20and%20blitzen%2Cdunder%20and%20blitzen&year_start=1780&year_end=1860&corpus=en&smoothing=0&case_insensitive=true
donder and blitzen,1840,3.8238,https://books.google.com/ngrams/json?content=dunder%20and%20blixem%2Cdunder%20and%20blixum%2Cdonder%20and%20blixem%2Cdonder%20and%20blitzen%2Cdunder%20and%20blitzen&year_start=1780&year_end=1860&corpus=en&smoothing=0&case_insensitive=true
donder and blitzen,1841,0.0,https://books.google.com/ngrams/json?content=dunder%20and%20blixem%2Cdunder%20and%20blixum%2Cdonder%20and%20blixem%2Cdonder%20and%20blitzen%2Cdunder%20and%20blitzen&year_start=1780&year_end=1860&corpus=en&smoothing=0&case_insensitive=true
donder and blitzen,1842,0.0,https://books.google.com/ngrams/json?content=dunder%20and%20blixem%2Cdunder%20and%20blixum%2Cdonder%20and%20blixem%2Cdonder%20and%20blitzen%2Cdunder%20and%20blitzen&year_start=1780&year_end=1860&corpus=en&smoothing=0&case_insensitive=true
donder and blitzen,1843,2.7374,https://books.google.com/ngrams/json?content=dunder%20and%20blixem%2Cdunder%20and%20blixum%2Cdonder%20and%20blixem%2Cdonder%20and%20blitzen%2Cdunder%20and%20blitzen&year_start=1780&year_end=1860&corpus=en&smoothing=0&case_insensitive=true
donder and blitzen,1844,1.2113,https://books.google.com/ngrams/json?content=dunder%20and%20blixem%2Cdunder%20and%20blixum%2Cdonder%20and%20blixem%2Cdonder%20and%20blitzen%2Cdunder%20and%20blitzen&year_start=1780&year_end=1860&corpus=en&smoothing=0&case_insensitive=true
donder and blitzen,1845,0.5356,https://books.google.com/ngrams/json?content=dunder%20and%20blixem%2Cdunder%20and%20blixum%2Cdonder%20and%20blixem%2Cdonder%20and%20blitzen%2Cdunder%20and%20blitzen&year_start=1780&year_end=1860&corpus=en&smoothing=0&case_insensitive=true
donder and blitzen,1846,2.1516,https://books.google.com/ngrams/json?content=dunder%20and%20blixem%2Cdunder%20and%20blixum%2Cdonder%20and%20blixem%2Cdonder%20and%20blitzen%2Cdunder%20and%20blitzen&year_start=1780&year_end=1860&corpus=en&smoothing=0&case_insensitive=true
donder and blitzen,1847,1.6183,https://books.google.com/ngrams/json?content=dunder%20and%20blixem%2Cdunder%20and%20blixum%2Cdonder%20and%20blixem%2Cdonder%20and%20blitzen%2Cdunder%20and%20blitzen&year_start=1780&year_end=1860&corpus=en&smoothing=0&case_insensitive=true
donder and blitzen,1848,0.0,https://books.google.com/ngrams/json?content=dunder%20and%20blixem%2Cdunder%20and%20blixum%2Cdonder%20and%20blixem%2Cdonder%20and%20blitzen%2Cdunder%20and%20blitzen&year_start=1780&year_end=1860&corpus=en&smoothing=0&case_insensitive=true
donder and blitzen,1849,1.6786,https://books.google.com/ngrams/json?content=dunder%20and%20blixem%2Cdunder%20and%20blixum%2Cdonder%20and%20blixem%2Cdonder%20and%20blitzen%2Cdunder%20and%20blitzen&year_start=1780&year_end=1860&corpus=en&smoothing=0&case_insensitive=true
donder and blitzen,1850,1.009,https://books.google.com/ngrams/json?content=dunder%20and%20blixem%2Cdunder%20and%20blixum%2Cdonder%20and%20blixem%2Cdonder%20and%20blitzen%2Cdunder%20and%20blitzen&year_start=1780&year_end=1860&corpus=en&smoothing=0&case_insensitive=true
donder and blitzen,1851,0.4761,https://books.google.com/ngrams/json?content=dunder%20and%20blixem%2Cdunder%20and%20blixum%2Cdonder%20and%20blixem%2Cdonder%20and%20blitzen%2Cdunder%20and%20blitzen&year_start=1780&year_end=1860&corpus=en&smoothing=0&case_insensitive=true
donder and blitzen,1852,0.8967,https://books.google.com/ngrams/json?content=dunder%20and%20blixem%2Cdunder%20and%20blixum%2Cdonder%20and%20blixem%2Cdonder%20and%20blitzen%2Cdunder%20and%20blitzen&year_start=1780&year_end=1860&corpus=en&smoothing=0&case_insensitive=true
donder and blitzen,1853,0.0,https://books.google.com/ngrams/json?content=dunder%20and%20blixem%2Cdunder%20and%20blixum%2Cdonder%20and%20blixem%2Cdonder%20and%20blitzen%2Cdunder%20and%20blitzen&year_start=1780&year_end=1860&corpus=en&smoothing=0&case_insensitive=true
donder and blitzen,1854,0.4226,https://books.google.com/ngrams/json?content=dunder%20and%20blixem%2Cdunder%20and%20blixum%2Cdonder%20and%20blixem%2Cdonder%20and%20blitzen%2Cdunder%20and%20blitzen&year_start=1780&year_end=1860&corpus=en&smoothing=0&case_insensitive=true
donder and blitzen,1855,1.2982,https://books.google.com/ngrams/json?content=dunder%20and%20blixem%2Cdunder%20and%20blixum%2Cdonder%20and%20blixem%2Cdonder%20and%20blitzen%2Cdunder%20and%20blitzen&year_start=1780&year_end=1860&corpus=en&smoothing=0&case_insensitive=true
donder and blitzen,1856,5.6957,https://books.google.com/ngrams/json?content=dunder%20and%20blixem%2Cdunder%20and%20blixum%2Cdonder%20and%20blixem%2Cdonder%20and%20blitzen%2Cdunder%20and%20blitzen&year_start=1780&year_end=1860&corpus=en&smoothing=0&case_insensitive=true
donder and blitzen,1857,1.3535,https://books.google.com/ngrams/json?content=dunder%20and%20blixem%2Cdunder%20and%20blixum%2Cdonder%20and%20blixem%2Cdonder%20and%20blitzen%2Cdunder%20and%20blitzen&year_start=1780&year_end=1860&corpus=en&smoothing=0&case_insensitive=true
donder and blitzen,1858,4.9553,https://books.google.com/ngrams/json?content=dunder%20and%20blixem%2Cdunder%20and%20blixum%2Cdonder%20and%20blixem%2Cdonder%20and%20blitzen%2Cdunder%20and%20blitzen&year_start=1780&year_end=1860&corpus=en&smoothing=0&case_insensitive=true
donder and blitzen,1859,0.4311,https://books.google.com/ngrams/json?content=dunder%20and%20blixem%2Cdunder%20and%20blixum%2Cdonder%20and%20blixem%2Cdonder%20and%20blitzen%2Cdunder%20and%20blitzen&year_start=1780&year_end=1860&corpus=en&smoothing=0&case_insensitive=true
donder and blitzen,1860,0.4095,https://books.google.com/ngrams/json?content=dunder%20and%20blixem%2Cdunder%20and%20blixum%2Cdonder%20and%20blixem%2Cdonder%20and%20blitzen%2Cdunder%20and%20blitzen&year_start=1780&year_end=1860&corpus=en&smoothing=0&case_insensitive=true
dunder and blitzen,1780,0.0,https://books.google.com/ngrams/json?content=dunder%20and%20blixem%2Cdunder%20and%20blixum%2Cdonder%20and%20blixem%2Cdonder%20and%20blitzen%2Cdunder%20and%20blitzen&year_start=1780&year_end=1860&corpus=en&smoothing=0&case_insensitive=true
dunder and blitzen,1781,0.0,https://books.google.com/ngrams/json?content=dunder%20and%20blixem%2Cdunder%20and%20blixum%2Cdonder%20and%20blixem%2Cdonder%20and%20blitzen%2Cdunder%20and%20blitzen&year_start=1780&year_end=1860&corpus=en&smoothing=0&case_insensitive=true
dunder and blitzen,1782,0.0,https://books.google.com/ngrams/json?content=dunder%20and%20blixem%2Cdunder%20and%20blixum%2Cdonder%20and%20blixem%2Cdonder%20and%20blitzen%2Cdunder%20and%20blitzen&year_start=1780&year_end=1860&corpus=en&smoothing=0&case_insensitive=true
dunder and blitzen,1783,0.0,https://books.google.com/ngrams/json?content=dunder%20and%20blixem%2Cdunder%20and%20blixum%2Cdonder%20and%20blixem%2Cdonder%20and%20blitzen%2Cdunder%20and%20blitzen&year_start=1780&year_end=1860&corpus=en&smoothing=0&case_insensitive=true
dunder and blitzen,1784,0.0,https://books.google.com/ngrams/json?content=dunder%20and%20blixem%2Cdunder%20and%20blixum%2Cdonder%20and%20blixem%2Cdonder%20and%20blitzen%2Cdunder%20and%20blitzen&year_start=1780&year_end=1860&corpus=en&smoothing=0&case_insensitive=true
dunder and blitzen,1785,0.0,https://books.google.com/ngrams/json?content=dunder%20and%20blixem%2Cdunder%20and%20blixum%2Cdonder%20and%20blixem%2Cdonder%20and%20blitzen%2Cdunder%20and%20blitzen&year_start=1780&year_end=1860&corpus=en&smoothing=0&case_insensitive=true
dunder and blitzen,1786,0.0,https://books.google.com/ngrams/json?content=dunder%20and%20blixem%2Cdunder%20and%20blixum%2Cdonder%20and%20blixem%2Cdonder%20and%20blitzen%2Cdunder%20and%20blitzen&year_start=1780&year_end=1860&corpus=en&smoothing=0&case_insensitive=true
dunder and blitzen,1787,0.0,https://books.google.com/ngrams/json?content=dunder%20and%20blixem%2Cdunder%20and%20blixum%2Cdonder%20and%20blixem%2Cdonder%20and%20blitzen%2Cdunder%20and%20blitzen&year_start=1780&year_end=1860&corpus=en&smoothing=0&case_insensitive=true
dunder and blitzen,1788,0.0,https://books.google.com/ngrams/json?content=dunder%20and%20blixem%2Cdunder%20and%20blixum%2Cdonder%20and%20blixem%2Cdonder%20and%20blitzen%2Cdunder%20and%20blitzen&year_start=1780&year_end=1860&corpus=en&smoothing=0&case_insensitive=true
dunder and blitzen,1789,0.0,https://books.google.com/ngrams/json?content=dunder%20and%20blixem%2Cdunder%20and%20blixum%2Cdonder%20and%20blixem%2Cdonder%20and%20blitzen%2Cdunder%20and%20blitzen&year_start=1780&year_end=1860&corpus=en&smoothing=0&case_insensitive=true
dunder and blitzen,1790,0.0,https://books.google.com/ngrams/json?content=dunder%20and%20blixem%2Cdunder%20and%20blixum%2Cdonder%20and%20blixem%2Cdonder%20and%20blitzen%2Cdunder%20and%20blitzen&year_start=1780&year_end=1860&corpus=en&smoothing=0&case_insensitive=true
dunder and blitzen,1791,0.0,https://books.google.com/ngrams/json?content=dunder%20and%20blixem%2Cdunder%20and%20blixum%2Cdonder%20and%20blixem%2Cdonder%20and%20blitzen%2Cdunder%20and%20blitzen&year_start=1780&year_end=1860&corpus=en&smoothing=0&case_insensitive=true
dunder and blitzen,1792,0.0,https://books.google.com/ngrams/json?content=dunder%20and%20blixem%2Cdunder%20and%20blixum%2Cdonder%20and%20blixem%2Cdonder%20and%20blitzen%2Cdunder%20and%20blitzen&year_start=1780&year_end=1860&corpus=en&smoothing=0&case_insensitive=true
dunder and blitzen,1793,0.0,https://books.google.com/ngrams/json?content=dunder%20and%20blixem%2Cdunder%20and%20blixum%2Cdonder%20and%20blixem%2Cdonder%20and%20blitzen%2Cdunder%20and%20blitzen&year_start=1780&year_end=1860&corpus=en&smoothing=0&case_insensitive=true
dunder and blitzen,1794,0.0,https://books.google.com/ngrams/json?content=dunder%20and%20blixem%2Cdunder%20and%20blixum%2Cdonder%20and%20blixem%2Cdonder%20and%20blitzen%2Cdunder%20and%20blitzen&year_start=1780&year_end=1860&corpus=en&smoothing=0&case_insensitive=true
dunder and blitzen,1795,0.0,https://books.google.com/ngrams/json?content=dunder%20and%20blixem%2Cdunder%20and%20blixum%2Cdonder%20and%20blixem%2Cdonder%20and%20blitzen%2Cdunder%20and%20blitzen&year_start=1780&year_end=1860&corpus=en&smoothing=0&case_insensitive=true
dunder and blitzen,1796,0.0,https://books.google.com/ngrams/json?content=dunder%20and%20blixem%2Cdunder%20and%20blixum%2Cdonder%20and%20blixem%2Cdonder%20and%20blitzen%2Cdunder%20and%20blitzen&year_start=1780&year_end=1860&corpus=en&smoothing=0&case_insensitive=true
dunder and blitzen,1797,0.0,https://books.google.com/ngrams/json?content=dunder%20and%20blixem%2Cdunder%20and%20blixum%2Cdonder%20and%20blixem%2Cdonder%20and%20blitzen%2Cdunder%20and%20blitzen&year_start=1780&year_end=1860&corpus=en&smoothing=0&case_insensitive=true
dunder and blitzen,1798,0.0,https://books.google.com/ngrams/json?content=dunder%20and%20blixem%2Cdunder%20and%20blixum%2Cdonder%20and%20blixem%2Cdonder%20and%20blitzen%2Cdunder%20and%20blitzen&year_start=1780&year_end=1860&corpus=en&smoothing=0&case_insensitive=true
dunder and blitzen,1799,0.0,https://books.google.com/ngrams/json?content=dunder%20and%20blixem%2Cdunder%20and%20blixum%2Cdonder%20and%20blixem%2Cdonder%20and%20blitzen%2Cdunder%20and%20blitzen&year_start=1780&year_end=1860&corpus=en&smoothing=0&case_insensitive=true
dunder and blitzen,1800,0.0,https://books.google.com/ngrams/json?content=dunder%20and%20blixem%2Cdunder%20and%20blixum%2Cdonder%20and%20blixem%2Cdonder%20and%20blitzen%2Cdunder%20and%20blitzen&year_start=1780&year_end=1860&corpus=en&smoothing=0&case_insensitive=true
dunder and blitzen,1801,0.0,https://books.google.com/ngrams/json?content=dunder%20and%20blixem%2Cdunder%20and%20blixum%2Cdonder%20and%20blixem%2Cdonder%20and%20blitzen%2Cdunder%20and%20blitzen&year_start=1780&year_end=1860&corpus=en&smoothing=0&case_insensitive=true
dunder and blitzen,1802,0.0,https://books.google.com/ngrams/json?content=dunder%20and%20blixem%2Cdunder%20and%20blixum%2Cdonder%20and%20blixem%2Cdonder%20and%20blitzen%2Cdunder%20and%20blitzen&year_start=1780&year_end=1860&corpus=en&smoothing=0&case_insensitive=true
dunder and blitzen,1803,0.0,https://books.google.com/ngrams/json?content=dunder%20and%20blixem%2Cdunder%20and%20blixum%2Cdonder%20and%20blixem%2Cdonder%20and%20blitzen%2Cdunder%20and%20blitzen&year_start=1780&year_end=1860&corpus=en&smoothing=0&case_insensitive=true
dunder and blitzen,1804,0.0,https://books.google.com/ngrams/json?content=dunder%20and%20blixem%2Cdunder%20and%20blixum%2Cdonder%20and%20blixem%2Cdonder%20and%20blitzen%2Cdunder%20and%20blitzen&year_start=1780&year_end=1860&corpus=en&smoothing=0&case_insensitive=true
dunder and blitzen,1805,0.0,https://books.google.com/ngrams/json?content=dunder%20and%20blixem%2Cdunder%20and%20blixum%2Cdonder%20and%20blixem%2Cdonder%20and%20blitzen%2Cdunder%20and%20blitzen&year_start=1780&year_end=1860&corpus=en&smoothing=0&case_insensitive=true
dunder and blitzen,1806,0.0,https://books.google.com/ngrams/json?content=dunder%20and%20blixem%2Cdunder%20and%20blixum%2Cdonder%20and%20blixem%2Cdonder%20and%20blitzen%2Cdunder%20and%20blitzen&year_start=1780&year_end=1860&corpus=en&smoothing=0&case_insensitive=true
dunder and blitzen,1807,0.0,https://books.google.com/ngrams/json?content=dunder%20and%20blixem%2Cdunder%20and%20blixum%2Cdonder%20and%20blixem%2Cdonder%20and%20blitzen%2Cdunder%20and%20blitzen&year_start=1780&year_end=1860&corpus=en&smoothing=0&case_insensitive=true
dunder and blitzen,1808,0.0,https://books.google.com/ngrams/json?content=dunder%20and%20blixem%2Cdunder%20and%20blixum%2Cdonder%20and%20blixem%2Cdonder%20and%20blitzen%2Cdunder%20and%20blitzen&year_start=1780&year_end=1860&corpus=en&smoothing=0&case_insensitive=true
dunder and blitzen,1809,0.0,https://books.google.com/ngrams/json?content=dunder%20and%20blixem%2Cdunder%20and%20blixum%2Cdonder%20and%20blixem%2Cdonder%20and%20blitzen%2Cdunder%20and%20blitzen&year_start=1780&year_end=1860&corpus=en&smoothing=0&case_insensitive=true
dunder and blitzen,1810,0.0,https://books.google.com/ngrams/json?content=dunder%20and%20blixem%2Cdunder%20and%20blixum%2Cdonder%20and%20blixem%2Cdonder%20and%20blitzen%2Cdunder%20and%20blitzen&year_start=1780&year_end=1860&corpus=en&smoothing=0&case_insensitive=true
dunder and blitzen,1811,0.0,https://books.google.com/ngrams/json?content=dunder%20and%20blixem%2Cdunder%20and%20blixum%2Cdonder%20and%20blixem%2Cdonder%20and%20blitzen%2Cdunder%20and%20blitzen&year_start=1780&year_end=1860&corpus=en&smoothing=0&case_insensitive=true
dunder and blitzen,1812,0.0,https://books.google.com/ngrams/json?content=dunder%20and%20blixem%2Cdunder%20and%20blixum%2Cdonder%20and%20blixem%2Cdonder%20and%20blitzen%2Cdunder%20and%20blitzen&year_start=1780&year_end=1860&corpus=en&smoothing=0&case_insensitive=true
dunder and blitzen,1813,0.0,https://books.google.com/ngrams/json?content=dunder%20and%20blixem%2Cdunder%20and%20blixum%2Cdonder%20and%20blixem%2Cdonder%20and%20blitzen%2Cdunder%20and%20blitzen&year_start=1780&year_end=1860&corpus=en&smoothing=0&case_insensitive=true
dunder and blitzen,1814,0.0,https://books.google.com/ngrams/json?content=dunder%20and%20blixem%2Cdunder%20and%20blixum%2Cdonder%20and%20blixem%2Cdonder%20and%20blitzen%2Cdunder%20and%20blitzen&year_start=1780&year_end=1860&corpus=en&smoothing=0&case_insensitive=true
dunder and blitzen,1815,0.0,https://books.google.com/ngrams/json?content=dunder%20and%20blixem%2Cdunder%20and%20blixum%2Cdonder%20and%20blixem%2Cdonder%20and%20blitzen%2Cdunder%20and%20blitzen&year_start=1780&year_end=1860&corpus=en&smoothing=0&case_insensitive=true
dunder and blitzen,1816,0.0,https://books.google.com/ngrams/json?content=dunder%20and%20blixem%2Cdunder%20and%20blixum%2Cdonder%20and%20blixem%2Cdonder%20and%20blitzen%2Cdunder%20and%20blitzen&year_start=1780&year_end=1860&corpus=en&smoothing=0&case_insensitive=true
dunder and blitzen,1817,0.0,https://books.google.com/ngrams/json?content=dunder%20and%20blixem%2Cdunder%20and%20blixum%2Cdonder%20and%20blixem%2Cdonder%20and%20blitzen%2Cdunder%20and%20blitzen&year_start=1780&year_end=1860&corpus=en&smoothing=0&case_insensitive=true
dunder and blitzen,1818,0.0,https://books.google.com/ngrams/json?content=dunder%20and%20blixem%2Cdunder%20and%20blixum%2Cdonder%20and%20blixem%2Cdonder%20and%20blitzen%2Cdunder%20and%20blitzen&year_start=1780&year_end=1860&corpus=en&smoothing=0&case_insensitive=true
dunder and blitzen,1819,1.2953,https://books.google.com/ngrams/json?content=dunder%20and%20blixem%2Cdunder%20and%20blixum%2Cdonder%20and%20blixem%2Cdonder%20and%20blitzen%2Cdunder%20and%20blitzen&year_start=1780&year_end=1860&corpus=en&smoothing=0&case_insensitive=true
dunder and blitzen,1820,0.0,https://books.google.com/ngrams/json?content=dunder%20and%20blixem%2Cdunder%20and%20blixum%2Cdonder%20and%20blixem%2Cdonder%20and%20blitzen%2Cdunder%20and%20blitzen&year_start=1780&year_end=1860&corpus=en&smoothing=0&case_insensitive=true
dunder and blitzen,1821,0.0,https://books.google.com/ngrams/json?content=dunder%20and%20blixem%2Cdunder%20and%20blixum%2Cdonder%20and%20blixem%2Cdonder%20and%20blitzen%2Cdunder%20and%20blitzen&year_start=1780&year_end=1860&corpus=en&smoothing=0&case_insensitive=true
dunder and blitzen,1822,0.0,https://books.google.com/ngrams/json?content=dunder%20and%20blixem%2Cdunder%20and%20blixum%2Cdonder%20and%20blixem%2Cdonder%20and%20blitzen%2Cdunder%20and%20blitzen&year_start=1780&year_end=1860&corpus=en&smoothing=0&case_insensitive=true
dunder and blitzen,1823,0.0,https://books.google.com/ngrams/json?content=dunder%20and%20blixem%2Cdunder%20and%20blixum%2Cdonder%20and%20blixem%2Cdonder%20and%20blitzen%2Cdunder%20and%20blitzen&year_start=1780&year_end=1860&corpus=en&smoothing=0&case_insensitive=true
dunder and blitzen,1824,0.0,https://books.google.com/ngrams/json?content=dunder%20and%20blixem%2Cdunder%20and%20blixum%2Cdonder%20and%20blixem%2Cdonder%20and%20blitzen%2Cdunder%20and%20blitzen&year_start=1780&year_end=1860&corpus=en&smoothing=0&case_insensitive=true
dunder and blitzen,1825,0.0,https://books.google.com/ngrams/json?content=dunder%20and%20blixem%2Cdunder%20and%20blixum%2Cdonder%20and%20blixem%2Cdonder%20and%20blitzen%2Cdunder%20and%20blitzen&year_start=1780&year_end=1860&corpus=en&smoothing=0&case_insensitive=true
dunder and blitzen,1826,0.0,https://books.google.com/ngrams/json?content=dunder%20and%20blixem%2Cdunder%20and%20blixum%2Cdonder%20and%20blixem%2Cdonder%20and%20blitzen%2Cdunder%20and%20blitzen&year_start=1780&year_end=1860&corpus=en&smoothing=0&case_insensitive=true
dunder and blitzen,1827,0.0,https://books.google.com/ngrams/json?content=dunder%20and%20blixem%2Cdunder%20and%20blixum%2Cdonder%20and%20blixem%2Cdonder%20and%20blitzen%2Cdunder%20and%20blitzen&year_start=1780&year_end=1860&corpus=en&smoothing=0&case_insensitive=true
dunder and blitzen,1828,0.0,https://books.google.com/ngrams/json?content=dunder%20and%20blixem%2Cdunder%20and%20blixum%2Cdonder%20and%20blixem%2Cdonder%20and%20blitzen%2Cdunder%20and%20blitzen&year_start=1780&year_end=1860&corpus=en&smoothing=0&case_insensitive=true
dunder and blitzen,1829,1.168,https://books.google.com/ngrams/json?content=dunder%20and%20blixem%2Cdunder%20and%20blixum%2Cdonder%20and%20blixem%2Cdonder%20and%20blitzen%2Cdunder%20and%20blitzen&year_start=1780&year_end=1860&corpus=en&smoothing=0&case_insensitive=true
dunder and blitzen,1830,0.0,https://books.google.com/ngrams/json?content=dunder%20and%20blixem%2Cdunder%20and%20blixum%2Cdonder%20and%20blixem%2Cdonder%20and%20blitzen%2Cdunder%20and%20blitzen&year_start=1780&year_end=1860&corpus=en&smoothing=0&case_insensitive=true
dunder and blitzen,1831,0.0,https://books.google.com/ngrams/json?content=dunder%20and%20blixem%2Cdunder%20and%20blixum%2Cdonder%20and%20blixem%2Cdonder%20and%20blitzen%2Cdunder%20and%20blitzen&year_start=1780&year_end=1860&corpus=en&smoothing=0&case_insensitive=true
dunder and blitzen,1832,0.0,https://books.google.com/ngrams/json?content=dunder%20and%20blixem%2Cdunder%20and%20blixum%2Cdonder%20and%20blixem%2Cdonder%20and%20blitzen%2Cdunder%20and%20blitzen&year_start=1780&year_end=1860&corpus=en&smoothing=0&case_insensitive=true
dunder and blitzen,1833,0.8647,https://books.google.com/ngrams/json?content=dunder%20and%20blixem%2Cdunder%20and%20blixum%2Cdonder%20and%20blixem%2Cdonder%20and%20blitzen%2Cdunder%20and%20blitzen&year_start=1780&year_end=1860&corpus=en&smoothing=0&case_insensitive=true
dunder and blitzen,1834,0.0,https://books.google.com/ngrams/json?content=dunder%20and%20blixem%2Cdunder%20and%20blixum%2Cdonder%20and%20blixem%2Cdonder%20and%20blitzen%2Cdunder%20and%20blitzen&year_start=1780&year_end=1860&corpus=en&smoothing=0&case_insensitive=true
dunder and blitzen,1835,0.0,https://books.google.com/ngrams/json?content=dunder%20and%20blixem%2Cdunder%20and%20blixum%2Cdonder%20and%20blixem%2Cdonder%20and%20blitzen%2Cdunder%20and%20blitzen&year_start=1780&year_end=1860&corpus=en&smoothing=0&case_insensitive=true
dunder and blitzen,1836,0.0,https://books.google.com/ngrams/json?content=dunder%20and%20blixem%2Cdunder%20and%20blixum%2Cdonder%20and%20blixem%2Cdonder%20and%20blitzen%2Cdunder%20and%20blitzen&year_start=1780&year_end=1860&corpus=en&smoothing=0&case_insensitive=true
dunder and blitzen,1837,0.0,https://books.google.com/ngrams/json?content=dunder%20and%20blixem%2Cdunder%20and%20blixum%2Cdonder%20and%20blixem%2Cdonder%20and%20blitzen%2Cdunder%20and%20blitzen&year_start=1780&year_end=1860&corpus=en&smoothing=0&case_insensitive=true
dunder and blitzen,1838,1.6143,https://books.google.com/ngrams/json?content=dunder%20and%20blixem%2Cdunder%20and%20blixum%2Cdonder%20and%20blixem%2Cdonder%20and%20blitzen%2Cdunder%20and%20blitzen&year_start=1780&year_end=1860&corpus=en&smoothing=0&case_insensitive=true
dunder and blitzen,1839,3.8003,https://books.google.com/ngrams/json?content=dunder%20and%20blixem%2Cdunder%20and%20blixum%2Cdonder%20and%20blixem%2Cdonder%20and%20blitzen%2Cdunder%20and%20blitzen&year_start=1780&year_end=1860&corpus=en&smoothing=0&case_insensitive=true
dunder and blitzen,1840,0.7648,https://books.google.com/ngrams/json?content=dunder%20and%20blixem%2Cdunder%20and%20blixum%2Cdonder%20and%20blixem%2Cdonder%20and%20blitzen%2Cdunder%20and%20blitzen&year_start=1780&year_end=1860&corpus=en&smoothing=0&case_insensitive=true
dunder and blitzen,1841,0.7041,https://books.google.com/ngrams/json?content=dunder%20and%20blixem%2Cdunder%20and%20blixum%2Cdonder%20and%20blixem%2Cdonder%20and%20blitzen%2Cdunder%20and%20blitzen&year_start=1780&year_end=1860&corpus=en&smoothing=0&case_insensitive=true
dunder and blitzen,1842,0.0,https://books.google.com/ngrams/json?content=dunder%20and%20blixem%2Cdunder%20and%20blixum%2Cdonder%20and%20blixem%2Cdonder%20and%20blitzen%2Cdunder%20and%20blitzen&year_start=1780&year_end=1860&corpus=en&smoothing=0&case_insensitive=true
dunder and blitzen,1843,2.7374,https://books.google.com/ngrams/json?content=dunder%20and%20blixem%2Cdunder%20and%20blixum%2Cdonder%20and%20blixem%2Cdonder%20and%20blitzen%2Cdunder%20and%20blitzen&year_start=1780&year_end=1860&corpus=en&smoothing=0&case_insensitive=true
dunder and blitzen,1844,3.6339,https://books.google.com/ngrams/json?content=dunder%20and%20blixem%2Cdunder%20and%20blixum%2Cdonder%20and%20blixem%2Cdonder%20and%20blitzen%2Cdunder%20and%20blitzen&year_start=1780&year_end=1860&corpus=en&smoothing=0&case_insensitive=true
dunder and blitzen,1845,0.5356,https://books.google.com/ngrams/json?content=dunder%20and%20blixem%2Cdunder%20and%20blixum%2Cdonder%20and%20blixem%2Cdonder%20and%20blitzen%2Cdunder%20and%20blitzen&year_start=1780&year_end=1860&corpus=en&smoothing=0&case_insensitive=true
dunder and blitzen,1846,0.0,https://books.google.com/ngrams/json?content=dunder%20and%20blixem%2Cdunder%20and%20blixum%2Cdonder%20and%20blixem%2Cdonder%20and%20blitzen%2Cdunder%20and%20blitzen&year_start=1780&year_end=1860&corpus=en&smoothing=0&case_insensitive=true
dunder and blitzen,1847,2.1578,https://books.google.com/ngrams/json?content=dunder%20and%20blixem%2Cdunder%20and%20blixum%2Cdonder%20and%20blixem%2Cdonder%20and%20blitzen%2Cdunder%20and%20blitzen&year_start=1780&year_end=1860&corpus=en&smoothing=0&case_insensitive=true
dunder and blitzen,1848,0.0,https://books.google.com/ngrams/json?content=dunder%20and%20blixem%2Cdunder%20and%20blixum%2Cdonder%20and%20blixem%2Cdonder%20and%20blitzen%2Cdunder%20and%20blitzen&year_start=1780&year_end=1860&corpus=en&smoothing=0&case_insensitive=true
dunder and blitzen,1849,0.5595,https://books.google.com/ngrams/json?content=dunder%20and%20blixem%2Cdunder%20and%20blixum%2Cdonder%20and%20blixem%2Cdonder%20and%20blitzen%2Cdunder%20and%20blitzen&year_start=1780&year_end=1860&corpus=en&smoothing=0&case_insensitive=true
dunder and blitzen,1850,0.0,https://books.google.com/ngrams/json?content=dunder%20and%20blixem%2Cdunder%20and%20blixum%2Cdonder%20and%20blixem%2Cdonder%20and%20blitzen%2Cdunder%20and%20blitzen&year_start=1780&year_end=1860&corpus=en&smoothing=0&case_insensitive=true
dunder and blitzen,1851,0.4761,https://books.google.com/ngrams/json?content=dunder%20and%20blixem%2Cdunder%20and%20blixum%2Cdonder%20and%20blixem%2Cdonder%20and%20blitzen%2Cdunder%20and%20blitzen&year_start=1780&year_end=1860&corpus=en&smoothing=0&case_insensitive=true
dunder and blitzen,1852,2.6902,https://books.google.com/ngrams/json?content=dunder%20and%20blixem%2Cdunder%20and%20blixum%2Cdonder%20and%20blixem%2Cdonder%20and%20blitzen%2Cdunder%20and%20blitzen&year_start=1780&year_end=1860&corpus=en&smoothing=0&case_insensitive=true
dunder and blitzen,1853,0.0,https://books.google.com/ngrams/json?content=dunder%20and%20blixem%2Cdunder%20and%20blixum%2Cdonder%20and%20blixem%2Cdonder%20and%20blitzen%2Cdunder%20and%20blitzen&year_start=1780&year_end=1860&corpus=en&smoothing=0&case_insensitive=true
dunder and blitzen,1854,0.4226,https://books.google.com/ngrams/json?content=dunder%20and%20blixem%2Cdunder%20and%20blixum%2Cdonder%20and%20blixem%2Cdonder%20and%20blitzen%2Cdunder%20and%20blitzen&year_start=1780&year_end=1860&corpus=en&smoothing=0&case_insensitive=true
dunder and blitzen,1855,2.5963,https://books.google.com/ngrams/json?content=dunder%20and%20blixem%2Cdunder%20and%20blixum%2Cdonder%20and%20blixem%2Cdonder%20and%20blitzen%2Cdunder%20and%20blitzen&year_start=1780&year_end=1860&corpus=en&smoothing=0&case_insensitive=true
dunder and blitzen,1856,4.3813,https://books.google.com/ngrams/json?content=dunder%20and%20blixem%2Cdunder%20and%20blixum%2Cdonder%20and%20blixem%2Cdonder%20and%20blitzen%2Cdunder%20and%20blitzen&year_start=1780&year_end=1860&corpus=en&smoothing=0&case_insensitive=true
dunder and blitzen,1857,0.9023,https://books.google.com/ngrams/json?content=dunder%20and%20blixem%2Cdunder%20and%20blixum%2Cdonder%20and%20blixem%2Cdonder%20and%20blitzen%2Cdunder%20and%20blitzen&year_start=1780&year_end=1860&corpus=en&smoothing=0&case_insensitive=true
dunder and blitzen,1858,0.901,https://books.google.com/ngrams/json?content=dunder%20and%20blixem%2Cdunder%20and%20blixum%2Cdonder%20and%20blixem%2Cdonder%20and%20blitzen%2Cdunder%20and%20blitzen&year_start=1780&year_end=1860&corpus=en&smoothing=0&case_insensitive=true
dunder and blitzen,1859,3.4488,https://books.google.com/ngrams/json?content=dunder%20and%20blixem%2Cdunder%20and%20blixum%2Cdonder%20and%20blixem%2Cdonder%20and%20blitzen%2Cdunder%20and%20blitzen&year_start=1780&year_end=1860&corpus=en&smoothing=0&case_insensitive=true
dunder and blitzen,1860,1.2284,https://books.google.com/ngrams/json?content=dunder%20and%20blixem%2Cdunder%20and%20blixum%2Cdonder%20and%20blixem%2Cdonder%20and%20blitzen%2Cdunder%20and%20blitzen&year_start=1780&year_end=1860&corpus=en&smoothing=0&case_insensitive=true
happy christmas,1780,0.0,https://books.google.com/ngrams/json?content=happy%20christmas%2Cmerry%20christmas&year_start=1780&year_end=1860&corpus=en&smoothing=0&case_insensitive=true
happy christmas,1781,0.0,https://books.google.com/ngrams/json?content=happy%20christmas%2Cmerry%20christmas&year_start=1780&year_end=1860&corpus=en&smoothing=0&case_insensitive=true
happy christmas,1782,12.8428,https://books.google.com/ngrams/json?content=happy%20christmas%2Cmerry%20christmas&year_start=1780&year_end=1860&corpus=en&smoothing=0&case_insensitive=true
happy christmas,1783,0.0,https://books.google.com/ngrams/json?content=happy%20christmas%2Cmerry%20christmas&year_start=1780&year_end=1860&corpus=en&smoothing=0&case_insensitive=true
happy christmas,1784,11.0237,https://books.google.com/ngrams/json?content=happy%20christmas%2Cmerry%20christmas&year_start=1780&year_end=1860&corpus=en&smoothing=0&case_insensitive=true
happy christmas,1785,0.0,https://books.google.com/ngrams/json?content=happy%20christmas%2Cmerry%20christmas&year_start=1780&year_end=1860&corpus=en&smoothing=0&case_insensitive=true
happy christmas,1786,0.0,https://books.google.com/ngrams/json?content=happy%20christmas%2Cmerry%20christmas&year_start=1780&year_end=1860&corpus=en&smoothing=0&case_insensitive=true
happy christmas,1787,0.0,https://books.google.com/ngrams/json?content=happy%20christmas%2Cmerry%20christmas&year_start=1780&year_end=1860&corpus=en&smoothing=0&case_insensitive=true
happy christmas,1788,0.0,https://books.google.com/ngrams/json?content=happy%20christmas%2Cmerry%20christmas&year_start=1780&year_end=1860&corpus=en&smoothing=0&case_insensitive=true
happy christmas,1789,0.0,https://books.google.com/ngrams/json?content=happy%20christmas%2Cmerry%20christmas&year_start=1780&year_end=1860&corpus=en&smoothing=0&case_insensitive=true
happy christmas,1790,3.5586,https://books.google.com/ngrams/json?content=happy%20christmas%2Cmerry%20christmas&year_start=1780&year_end=1860&corpus=en&smoothing=0&case_insensitive=true
happy christmas,1791,0.0,https://books.google.com/ngrams/json?content=happy%20christmas%2Cmerry%20christmas&year_start=1780&year_end=1860&corpus=en&smoothing=0&case_insensitive=true
happy christmas,1792,0.0,https://books.google.com/ngrams/json?content=happy%20christmas%2Cmerry%20christmas&year_start=1780&year_end=1860&corpus=en&smoothing=0&case_insensitive=true
happy christmas,1793,0.0,https://books.google.com/ngrams/json?content=happy%20christmas%2Cmerry%20christmas&year_start=1780&year_end=1860&corpus=en&smoothing=0&case_insensitive=true
happy christmas,1794,3.049,https://books.google.com/ngrams/json?content=happy%20christmas%2Cmerry%20christmas&year_start=1780&year_end=1860&corpus=en&smoothing=0&case_insensitive=true
happy christmas,1795,10.8127,https://books.google.com/ngrams/json?content=happy%20christmas%2Cmerry%20christmas&year_start=1780&year_end=1860&corpus=en&smoothing=0&case_insensitive=true
happy christmas,1796,0.0,https://books.google.com/ngrams/json?content=happy%20christmas%2Cmerry%20christmas&year_start=1780&year_end=1860&corpus=en&smoothing=0&case_insensitive=true
happy christmas,1797,0.0,https://books.google.com/ngrams/json?content=happy%20christmas%2Cmerry%20christmas&year_start=1780&year_end=1860&corpus=en&smoothing=0&case_insensitive=true
happy christmas,1798,0.0,https://books.google.com/ngrams/json?content=happy%20christmas%2Cmerry%20christmas&year_start=1780&year_end=1860&corpus=en&smoothing=0&case_insensitive=true
happy christmas,1799,28.041,https://books.google.com/ngrams/json?content=happy%20christmas%2Cmerry%20christmas&year_start=1780&year_end=1860&corpus=en&smoothing=0&case_insensitive=true
happy christmas,1800,9.051,https://books.google.com/ngrams/json?content=happy%20christmas%2Cmerry%20christmas&year_start=1780&year_end=1860&corpus=en&smoothing=0&case_insensitive=true
happy christmas,1801,2.5426,https://books.google.com/ngrams/json?content=happy%20christmas%2Cmerry%20christmas&year_start=1780&year_end=1860&corpus=en&smoothing=0&case_insensitive=true
happy christmas,1802,2.6483,https://books.google.com/ngrams/json?content=happy%20christmas%2Cmerry%20christmas&year_start=1780&year_end=1860&corpus=en&smoothing=0&case_insensitive=true
happy christmas,1803,7.7121,https://books.google.com/ngrams/json?content=happy%20christmas%2Cmerry%20christmas&year_start=1780&year_end=1860&corpus=en&smoothing=0&case_insensitive=true
happy christmas,1804,0.0,https://books.google.com/ngrams/json?content=happy%20christmas%2Cmerry%20christmas&year_start=1780&year_end=1860&corpus=en&smoothing=0&case_insensitive=true
happy christmas,1805,0.0,https://books.google.com/ngrams/json?content=happy%20christmas%2Cmerry%20christmas&year_start=1780&year_end=1860&corpus=en&smoothing=0&case_insensitive=true
happy christmas,1806,0.0,https://books.google.com/ngrams/json?content=happy%20christmas%2Cmerry%20christmas&year_start=1780&year_end=1860&corpus=en&smoothing=0&case_insensitive=true
happy christmas,1807,3.7035,https://books.google.com/ngrams/json?content=happy%20christmas%2Cmerry%20christmas&year_start=1780&year_end=1860&corpus=en&smoothing=0&case_insensitive=true
happy christmas,1808,4.1692,https://books.google.com/ngrams/json?content=happy%20christmas%2Cmerry%20christmas&year_start=1780&year_end=1860&corpus=en&smoothing=0&case_insensitive=true
happy christmas,1809,17.1035,https://books.google.com/ngrams/json?content=happy%20christmas%2Cmerry%20christmas&year_start=1780&year_end=1860&corpus=en&smoothing=0&case_insensitive=true
happy christmas,1810,3.8733,https://books.google.com/ngrams/json?content=happy%20christmas%2Cmerry%20christmas&year_start=1780&year_end=1860&corpus=en&smoothing=0&case_insensitive=true
happy christmas,1811,28.1817,https://books.google.com/ngrams/json?content=happy%20christmas%2Cmerry%20christmas&year_start=1780&year_end=1860&corpus=en&smoothing=0&case_insensitive=true
happy christmas,1812,4.2228,https://books.google.com/ngrams/json?content=happy%20christmas%2Cmerry%20christmas&year_start=1780&year_end=1860&corpus=en&smoothing=0&case_insensitive=true
happy christmas,1813,3.298,https://books.google.com/ngrams/json?content=happy%20christmas%2Cmerry%20christmas&year_start=1780&year_end=1860&corpus=en&smoothing=0&case_insensitive=true
happy christmas,1814,3.7314,https://books.google.com/ngrams/json?content=happy%20christmas%2Cmerry%20christmas&year_start=1780&year_end=1860&corpus=en&smoothing=0&case_insensitive=true
happy christmas,1815,5.4141,https://books.google.com/ngrams/json?content=happy%20christmas%2Cmerry%20christmas&year_start=1780&year_end=1860&corpus=en&smoothing=0&case_insensitive=true
happy christmas,1816,0.0,https://books.google.com/ngrams/json?content=happy%20christmas%2Cmerry%20christmas&year_start=1780&year_end=1860&corpus=en&smoothing=0&case_insensitive=true
happy christmas,1817,4.939,https://books.google.com/ngrams/json?content=happy%20christmas%2Cmerry%20christmas&year_start=1780&year_end=1860&corpus=en&smoothing=0&case_insensitive=true
happy christmas,1818,3.0296,https://books.google.com/ngrams/json?content=happy%20christmas%2Cmerry%20christmas&year_start=1780&year_end=1860&corpus=en&smoothing=0&case_insensitive=true
happy christmas,1819,2.4321,https://books.google.com/ngrams/json?content=happy%20christmas%2Cmerry%20christmas&year_start=1780&year_end=1860&corpus=en&smoothing=0&case_insensitive=true
happy christmas,1820,5.9939,https://books.google.com/ngrams/json?content=happy%20christmas%2Cmerry%20christmas&year_start=1780&year_end=1860&corpus=en&smoothing=0&case_insensitive=true
happy christmas,1821,4.9162,https://books.google.com/ngrams/json?content=happy%20christmas%2Cmerry%20christmas&year_start=1780&year_end=1860&corpus=en&smoothing=0&case_insensitive=true
happy christmas,1822,19.6372,https://books.google.com/ngrams/json?content=happy%20christmas%2Cmerry%20christmas&year_start=1780&year_end=1860&corpus=en&smoothing=0&case_insensitive=true
happy christmas,1823,8.4827,https://books.google.com/ngrams/json?content=happy%20christmas%2Cmerry%20christmas&year_start=1780&year_end=1860&corpus=en&smoothing=0&case_insensitive=true
happy christmas,1824,3.3356,https://books.google.com/ngrams/json?content=happy%20christmas%2Cmerry%20christmas&year_start=1780&year_end=1860&corpus=en&smoothing=0&case_insensitive=true
happy christmas,1825,9.761,https://books.google.com/ngrams/json?content=happy%20christmas%2Cmerry%20christmas&year_start=1780&year_end=1860&corpus=en&smoothing=0&case_insensitive=true
happy christmas,1826,13.1251,https://books.google.com/ngrams/json?content=happy%20christmas%2Cmerry%20christmas&year_start=1780&year_end=1860&corpus=en&smoothing=0&case_insensitive=true
happy christmas,1827,17.0545,https://books.google.com/ngrams/json?content=happy%20christmas%2Cmerry%20christmas&year_start=1780&year_end=1860&corpus=en&smoothing=0&case_insensitive=true
happy christmas,1828,11.6696,https://books.google.com/ngrams/json?content=happy%20christmas%2Cmerry%20christmas&year_start=1780&year_end=1860&corpus=en&smoothing=0&case_insensitive=true
happy christmas,1829,15.3527,https://books.google.com/ngrams/json?content=happy%20christmas%2Cmerry%20christmas&year_start=1780&year_end=1860&corpus=en&smoothing=0&case_insensitive=true
happy christmas,1830,11.7746,https://books.google.com/ngrams/json?content=happy%20christmas%2Cmerry%20christmas&year_start=1780&year_end=1860&corpus=en&smoothing=0&case_insensitive=true
happy christmas,1831,16.6831,https://books.google.com/ngrams/json?content=happy%20christmas%2Cmerry%20christmas&year_start=1780&year_end=1860&corpus=en&smoothing=0&case_insensitive=true
happy christmas,1832,17.7733,https://books.google.com/ngrams/json?content=happy%20christmas%2Cmerry%20christmas&year_start=1780&year_end=1860&corpus=en&smoothing=0&case_insensitive=true
happy christmas,1833,17.0729,https://books.google.com/ngrams/json?content=happy%20christmas%2Cmerry%20christmas&year_start=1780&year_end=1860&corpus=en&smoothing=0&case_insensitive=true
happy christmas,1834,15.0709,https://books.google.com/ngrams/json?content=happy%20christmas%2Cmerry%20christmas&year_start=1780&year_end=1860&corpus=en&smoothing=0&case_insensitive=true
happy christmas,1835,19.7329,https://books.google.com/ngrams/json?content=happy%20christmas%2Cmerry%20christmas&year_start=1780&year_end=1860&corpus=en&smoothing=0&case_insensitive=true
happy christmas,1836,7.2959,https://books.google.com/ngrams/json?content=happy%20christmas%2Cmerry%20christmas&year_start=1780&year_end=1860&corpus=en&smoothing=0&case_insensitive=true
happy christmas,1837,26.1597,https://books.google.com/ngrams/json?content=happy%20christmas%2Cmerry%20christmas&year_start=1780&year_end=1860&corpus=en&smoothing=0&case_insensitive=true
happy christmas,1838,26.5114,https://books.google.com/ngrams/json?content=happy%20christmas%2Cmerry%20christmas&year_start=1780&year_end=1860&corpus=en&smoothing=0&case_insensitive=true
happy christmas,1839,13.5645,https://books.google.com/ngrams/json?content=happy%20christmas%2Cmerry%20christmas&year_start=1780&year_end=1860&corpus=en&smoothing=0&case_insensitive=true
happy christmas,1840,22.2653,https://books.google.com/ngrams/json?content=happy%20christmas%2Cmerry%20christmas&year_start=1780&year_end=1860&corpus=en&smoothing=0&case_insensitive=true
happy christmas,1841,27.1238,https://books.google.com/ngrams/json?content=happy%20christmas%2Cmerry%20christmas&year_start=1780&year_end=1860&corpus=en&smoothing=0&case_insensitive=true
happy christmas,1842,35.4744,https://books.google.com/ngrams/json?content=happy%20christmas%2Cmerry%20christmas&year_start=1780&year_end=1860&corpus=en&smoothing=0&case_insensitive=true
happy christmas,1843,24.4319,https://books.google.com/ngrams/json?content=happy%20christmas%2Cmerry%20christmas&year_start=1780&year_end=1860&corpus=en&smoothing=0&case_insensitive=true
happy christmas,1844,27.8956,https://books.google.com/ngrams/json?content=happy%20christmas%2Cmerry%20christmas&year_start=1780&year_end=1860&corpus=en&smoothing=0&case_insensitive=true
happy christmas,1845,50.5848,https://books.google.com/ngrams/json?content=happy%20christmas%2Cmerry%20christmas&year_start=1780&year_end=1860&corpus=en&smoothing=0&case_insensitive=true
happy christmas,1846,25.7163,https://books.google.com/ngrams/json?content=happy%20christmas%2Cmerry%20christmas&year_start=1780&year_end=1860&corpus=en&smoothing=0&case_insensitive=true
happy christmas,1847,23.1818,https://books.google.com/ngrams/json?content=happy%20christmas%2Cmerry%20christmas&year_start=1780&year_end=1860&corpus=en&smoothing=0&case_insensitive=true
happy christmas,1848,47.7928,https://books.google.com/ngrams/json?content=happy%20christmas%2Cmerry%20christmas&year_start=1780&year_end=1860&corpus=en&smoothing=0&case_insensitive=true
happy christmas,1849,69.1942,https://books.google.com/ngrams/json?content=happy%20christmas%2Cmerry%20christmas&year_start=1780&year_end=1860&corpus=en&smoothing=0&case_insensitive=true
happy christmas,1850,56.228,https://books.google.com/ngrams/json?content=happy%20christmas%2Cmerry%20christmas&year_start=1780&year_end=1860&corpus=en&smoothing=0&case_insensitive=true
happy christmas,1851,50.8686,https://books.google.com/ngrams/json?content=happy%20christmas%2Cmerry%20christmas&year_start=1780&year_end=1860&corpus=en&smoothing=0&case_insensitive=true
happy christmas,1852,49.6195,https://books.google.com/ngrams/json?content=happy%20christmas%2Cmerry%20christmas&year_start=1780&year_end=1860&corpus=en&smoothing=0&case_insensitive=true
happy christmas,1853,75.9055,https://books.google.com/ngrams/json?content=happy%20christmas%2Cmerry%20christmas&year_start=1780&year_end=1860&corpus=en&smoothing=0&case_insensitive=true
happy christmas,1854,52.6404,https://books.google.com/ngrams/json?content=happy%20christmas%2Cmerry%20christmas&year_start=1780&year_end=1860&corpus=en&smoothing=0&case_insensitive=true
happy christmas,1855,48.9869,https://books.google.com/ngrams/json?content=happy%20christmas%2Cmerry%20christmas&year_start=1780&year_end=1860&corpus=en&smoothing=0&case_insensitive=true
happy christmas,1856,52.4865,https://books.google.com/ngrams/json?content=happy%20christmas%2Cmerry%20christmas&year_start=1780&year_end=1860&corpus=en&smoothing=0&case_insensitive=true
happy christmas,1857,60.2374,https://books.google.com/ngrams/json?content=happy%20christmas%2Cmerry%20christmas&year_start=1780&year_end=1860&corpus=en&smoothing=0&case_insensitive=true
happy christmas,1858,81.2119,https://books.google.com/ngrams/json?content=happy%20christmas%2Cmerry%20christmas&year_start=1780&year_end=1860&corpus=en&smoothing=0&case_insensitive=true
happy christmas,1859,74.6068,https://books.google.com/ngrams/json?content=happy%20christmas%2Cmerry%20christmas&year_start=1780&year_end=1860&corpus=en&smoothing=0&case_insensitive=true
happy christmas,1860,87.6567,https://books.google.com/ngrams/json?content=happy%20christmas%2Cmerry%20christmas&year_start=1780&year_end=1860&corpus=en&smoothing=0&case_insensitive=true
merry christmas,1780,45.8307,https://books.google.com/ngrams/json?content=happy%20christmas%2Cmerry%20christmas&year_start=1780&year_end=1860&corpus=en&smoothing=0&case_insensitive=true
merry christmas,1781,15.2027,https://books.google.com/ngrams/json?content=happy%20christmas%2Cmerry%20christmas&year_start=1780&year_end=1860&corpus=en&smoothing=0&case_insensitive=true
merry christmas,1782,32.107,https://books.google.com/ngrams/json?content=happy%20christmas%2Cmerry%20christmas&year_start=1780&year_end=1860&corpus=en&smoothing=0&case_insensitive=true
merry christmas,1783,10.8697,https://books.google.com/ngrams/json?content=happy%20christmas%2Cmerry%20christmas&year_start=1780&year_end=1860&corpus=en&smoothing=0&case_insensitive=true
merry christmas,1784,66.1423,https://books.google.com/ngrams/json?content=happy%20christmas%2Cmerry%20christmas&year_start=1780&year_end=1860&corpus=en&smoothing=0&case_insensitive=true
merry christmas,1785,36.4962,https://books.google.com/ngrams/json?content=happy%20christmas%2Cmerry%20christmas&year_start=1780&year_end=1860&corpus=en&smoothing=0&case_insensitive=true
merry christmas,1786,43.9693,https://books.google.com/ngrams/json?content=happy%20christmas%2Cmerry%20christmas&year_start=1780&year_end=1860&corpus=en&smoothing=0&case_insensitive=true
merry christmas,1787,49.3403,https://books.google.com/ngrams/json?content=happy%20christmas%2Cmerry%20christmas&year_start=1780&year_end=1860&corpus=en&smoothing=0&case_insensitive=true
merry christmas,1788,13.2677,https://books.google.com/ngrams/json?content=happy%20christmas%2Cmerry%20christmas&year_start=1780&year_end=1860&corpus=en&smoothing=0&case_insensitive=true
merry christmas,1789,13.4209,https://books.google.com/ngrams/json?content=happy%20christmas%2Cmerry%20christmas&year_start=1780&year_end=1860&corpus=en&smoothing=0&case_insensitive=true
merry christmas,1790,42.7032,https://books.google.com/ngrams/json?content=happy%20christmas%2Cmerry%20christmas&year_start=1780&year_end=1860&corpus=en&smoothing=0&case_insensitive=true
merry christmas,1791,47.9011,https://books.google.com/ngrams/json?content=happy%20christmas%2Cmerry%20christmas&year_start=1780&year_end=1860&corpus=en&smoothing=0&case_insensitive=true
merry christmas,1792,14.9878,https://books.google.com/ngrams/json?content=happy%20christmas%2Cmerry%20christmas&year_start=1780&year_end=1860&corpus=en&smoothing=0&case_insensitive=true
merry christmas,1793,30.7617,https://books.google.com/ngrams/json?content=happy%20christmas%2Cmerry%20christmas&year_start=1780&year_end=1860&corpus=en&smoothing=0&case_insensitive=true
merry christmas,1794,18.2938,https://books.google.com/ngrams/json?content=happy%20christmas%2Cmerry%20christmas&year_start=1780&year_end=1860&corpus=en&smoothing=0&case_insensitive=true
merry christmas,1795,13.5158,https://books.google.com/ngrams/json?content=happy%20christmas%2Cmerry%20christmas&year_start=1780&year_end=1860&corpus=en&smoothing=0&case_insensitive=true
merry christmas,1796,15.8657,https://books.google.com/ngrams/json?content=happy%20christmas%2Cmerry%20christmas&year_start=1780&year_end=1860&corpus=en&smoothing=0&case_insensitive=true
merry christmas,1797,36.1402,https://books.google.com/ngrams/json?content=happy%20christmas%2Cmerry%20christmas&year_start=1780&year_end=1860&corpus=en&smoothing=0&case_insensitive=true
merry christmas,1798,20.3657,https://books.google.com/ngrams/json?content=happy%20christmas%2Cmerry%20christmas&year_start=1780&year_end=1860&corpus=en&smoothing=0&case_insensitive=true
merry christmas,1799,45.5666,https://books.google.com/ngrams/json?content=happy%20christmas%2Cmerry%20christmas&year_start=1780&year_end=1860&corpus=en&smoothing=0&case_insensitive=true
merry christmas,1800,58.8314,https://books.google.com/ngrams/json?content=happy%20christmas%2Cmerry%20christmas&year_start=1780&year_end=1860&corpus=en&smoothing=0&case_insensitive=true
merry christmas,1801,38.139,https://books.google.com/ngrams/json?content=happy%20christmas%2Cmerry%20christmas&year_start=1780&year_end=1860&corpus=en&smoothing=0&case_insensitive=true
merry christmas,1802,47.6688,https://books.google.com/ngrams/json?content=happy%20christmas%2Cmerry%20christmas&year_start=1780&year_end=1860&corpus=en&smoothing=0&case_insensitive=true
merry christmas,1803,30.8484,https://books.google.com/ngrams/json?content=happy%20christmas%2Cmerry%20christmas&year_start=1780&year_end=1860&corpus=en&smoothing=0&case_insensitive=true
merry christmas,1804,11.6183,https://books.google.com/ngrams/json?content=happy%20christmas%2Cmerry%20christmas&year_start=1780&year_end=1860&corpus=en&smoothing=0&case_insensitive=true
merry christmas,1805,31.1081,https://books.google.com/ngrams/json?content=happy%20christmas%2Cmerry%20christmas&year_start=1780&year_end=1860&corpus=en&smoothing=0&case_insensitive=true
merry christmas,1806,48.3001,https://books.google.com/ngrams/json?content=happy%20christmas%2Cmerry%20christmas&year_start=1780&year_end=1860&corpus=en&smoothing=0&case_insensitive=true
merry christmas,1807,51.8497,https://books.google.com/ngrams/json?content=happy%20christmas%2Cmerry%20christmas&year_start=1780&year_end=1860&corpus=en&smoothing=0&case_insensitive=true
merry christmas,1808,72.9617,https://books.google.com/ngrams/json?content=happy%20christmas%2Cmerry%20christmas&year_start=1780&year_end=1860&corpus=en&smoothing=0&case_insensitive=true
merry christmas,1809,22.8047,https://books.google.com/ngrams/json?content=happy%20christmas%2Cmerry%20christmas&year_start=1780&year_end=1860&corpus=en&smoothing=0&case_insensitive=true
merry christmas,1810,16.7843,https://books.google.com/ngrams/json?content=happy%20christmas%2Cmerry%20christmas&year_start=1780&year_end=1860&corpus=en&smoothing=0&case_insensitive=true
merry christmas,1811,26.4204,https://books.google.com/ngrams/json?content=happy%20christmas%2Cmerry%20christmas&year_start=1780&year_end=1860&corpus=en&smoothing=0&case_insensitive=true
merry christmas,1812,19.7065,https://books.google.com/ngrams/json?content=happy%20christmas%2Cmerry%20christmas&year_start=1780&year_end=1860&corpus=en&smoothing=0&case_insensitive=true
merry christmas,1813,49.4704,https://books.google.com/ngrams/json?content=happy%20christmas%2Cmerry%20christmas&year_start=1780&year_end=1860&corpus=en&smoothing=0&case_insensitive=true
merry christmas,1814,52.2396,https://books.google.com/ngrams/json?content=happy%20christmas%2Cmerry%20christmas&year_start=1780&year_end=1860&corpus=en&smoothing=0&case_insensitive=true
merry christmas,1815,41.5082,https://books.google.com/ngrams/json?content=happy%20christmas%2Cmerry%20christmas&year_start=1780&year_end=1860&corpus=en&smoothing=0&case_insensitive=true
merry christmas,1816,9.4906,https://books.google.com/ngrams/json?content=happy%20christmas%2Cmerry%20christmas&year_start=1780&year_end=1860&corpus=en&smoothing=0&case_insensitive=true
merry christmas,1817,21.4022,https://books.google.com/ngrams/json?content=happy%20christmas%2Cmerry%20christmas&year_start=1780&year_end=1860&corpus=en&smoothing=0&case_insensitive=true
merry christmas,1818,22.722,https://books.google.com/ngrams/json?content=happy%20christmas%2Cmerry%20christmas&year_start=1780&year_end=1860&corpus=en&smoothing=0&case_insensitive=true
merry christmas,1819,64.4503,https://books.google.com/ngrams/json?content=happy%20christmas%2Cmerry%20christmas&year_start=1780&year_end=1860&corpus=en&smoothing=0&case_insensitive=true
merry christmas,1820,59.9389,https://books.google.com/ngrams/json?content=happy%20christmas%2Cmerry%20christmas&year_start=1780&year_end=1860&corpus=en&smoothing=0&case_insensitive=true
merry christmas,1821,57.3558,https://books.google.com/ngrams/json?content=happy%20christmas%2Cmerry%20christmas&year_start=1780&year_end=1860&corpus=en&smoothing=0&case_insensitive=true
merry christmas,1822,65.9248,https://books.google.com/ngrams/json?content=happy%20christmas%2Cmerry%20christmas&year_start=1780&year_end=1860&corpus=en&smoothing=0&case_insensitive=true
merry christmas,1823,106.6397,https://books.google.com/ngrams/json?content=happy%20christmas%2Cmerry%20christmas&year_start=1780&year_end=1860&corpus=en&smoothing=0&case_insensitive=true
merry christmas,1824,94.5092,https://books.google.com/ngrams/json?content=happy%20christmas%2Cmerry%20christmas&year_start=1780&year_end=1860&corpus=en&smoothing=0&case_insensitive=true
merry christmas,1825,97.6103,https://books.google.com/ngrams/json?content=happy%20christmas%2Cmerry%20christmas&year_start=1780&year_end=1860&corpus=en&smoothing=0&case_insensitive=true
merry christmas,1826,82.3299,https://books.google.com/ngrams/json?content=happy%20christmas%2Cmerry%20christmas&year_start=1780&year_end=1860&corpus=en&smoothing=0&case_insensitive=true
merry christmas,1827,127.3403,https://books.google.com/ngrams/json?content=happy%20christmas%2Cmerry%20christmas&year_start=1780&year_end=1860&corpus=en&smoothing=0&case_insensitive=true
merry christmas,1828,101.844,https://books.google.com/ngrams/json?content=happy%20christmas%2Cmerry%20christmas&year_start=1780&year_end=1860&corpus=en&smoothing=0&case_insensitive=true
merry christmas,1829,54.8309,https://books.google.com/ngrams/json?content=happy%20christmas%2Cmerry%20christmas&year_start=1780&year_end=1860&corpus=en&smoothing=0&case_insensitive=true
merry christmas,1830,57.9674,https://books.google.com/ngrams/json?content=happy%20christmas%2Cmerry%20christmas&year_start=1780&year_end=1860&corpus=en&smoothing=0&case_insensitive=true
merry christmas,1831,86.3597,https://books.google.com/ngrams/json?content=happy%20christmas%2Cmerry%20christmas&year_start=1780&year_end=1860&corpus=en&smoothing=0&case_insensitive=true
merry christmas,1832,128.7034,https://books.google.com/ngrams/json?content=happy%20christmas%2Cmerry%20christmas&year_start=1780&year_end=1860&corpus=en&smoothing=0&case_insensitive=true
merry christmas,1833,78.0474,https://books.google.com/ngrams/json?content=happy%20christmas%2Cmerry%20christmas&year_start=1780&year_end=1860&corpus=en&smoothing=0&case_insensitive=true
merry christmas,1834,94.3911,https://books.google.com/ngrams/json?content=happy%20christmas%2Cmerry%20christmas&year_start=1780&year_end=1860&corpus=en&smoothing=0&case_insensitive=true
merry christmas,1835,125.7057,https://books.google.com/ngrams/json?content=happy%20christmas%2Cmerry%20christmas&year_start=1780&year_end=1860&corpus=en&smoothing=0&case_insensitive=true
merry christmas,1836,107.2496,https://books.google.com/ngrams/json?content=happy%20christmas%2Cmerry%20christmas&year_start=1780&year_end=1860&corpus=en&smoothing=0&case_insensitive=true
merry christmas,1837,161.5748,https://books.google.com/ngrams/json?content=happy%20christmas%2Cmerry%20christmas&year_start=1780&year_end=1860&corpus=en&smoothing=0&case_insensitive=true
merry christmas,1838,120.4374,https://books.google.com/ngrams/json?content=happy%20christmas%2Cmerry%20christmas&year_start=1780&year_end=1860&corpus=en&smoothing=0&case_insensitive=true
merry christmas,1839,114.227,https://books.google.com/ngrams/json?content=happy%20christmas%2Cmerry%20christmas&year_start=1780&year_end=1860&corpus=en&smoothing=0&case_insensitive=true
merry christmas,1840,82.5969,https://books.google.com/ngrams/json?content=happy%20christmas%2Cmerry%20christmas&year_start=1780&year_end=1860&corpus=en&smoothing=0&case_insensitive=true
merry christmas,1841,156.7887,https://books.google.com/ngrams/json?content=happy%20christmas%2Cmerry%20christmas&year_start=1780&year_end=1860&corpus=en&smoothing=0&case_insensitive=true
merry christmas,1842,119.9678,https://books.google.com/ngrams/json?content=happy%20christmas%2Cmerry%20christmas&year_start=1780&year_end=1860&corpus=en&smoothing=0&case_insensitive=true
merry christmas,1843,242.3902,https://books.google.com/ngrams/json?content=happy%20christmas%2Cmerry%20christmas&year_start=1780&year_end=1860&corpus=en&smoothing=0&case_insensitive=true
merry christmas,1844,178.1901,https://books.google.com/ngrams/json?content=happy%20christmas%2Cmerry%20christmas&year_start=1780&year_end=1860&corpus=en&smoothing=0&case_insensitive=true
merry christmas,1845,182.3055,https://books.google.com/ngrams/json?content=happy%20christmas%2Cmerry%20christmas&year_start=1780&year_end=1860&corpus=en&smoothing=0&case_insensitive=true
merry christmas,1846,161.357,https://books.google.com/ngrams/json?content=happy%20christmas%2Cmerry%20christmas&year_start=1780&year_end=1860&corpus=en&smoothing=0&case_insensitive=true
merry christmas,1847,153.7053,https://books.google.com/ngrams/json?content=happy%20christmas%2Cmerry%20christmas&year_start=1780&year_end=1860&corpus=en&smoothing=0&case_insensitive=true
merry christmas,1848,241.6795,https://books.google.com/ngrams/json?content=happy%20christmas%2Cmerry%20christmas&year_start=1780&year_end=1860&corpus=en&smoothing=0&case_insensitive=true
merry christmas,1849,230.6472,https://books.google.com/ngrams/json?content=happy%20christmas%2Cmerry%20christmas&year_start=1780&year_end=1860&corpus=en&smoothing=0&case_insensitive=true
merry christmas,1850,275.9423,https://books.google.com/ngrams/json?content=happy%20christmas%2Cmerry%20christmas&year_start=1780&year_end=1860&corpus=en&smoothing=0&case_insensitive=true
merry christmas,1851,239.6179,https://books.google.com/ngrams/json?content=happy%20christmas%2Cmerry%20christmas&year_start=1780&year_end=1860&corpus=en&smoothing=0&case_insensitive=true
merry christmas,1852,268.7021,https://books.google.com/ngrams/json?content=happy%20christmas%2Cmerry%20christmas&year_start=1780&year_end=1860&corpus=en&smoothing=0&case_insensitive=true
merry christmas,1853,265.4728,https://books.google.com/ngrams/json?content=happy%20christmas%2Cmerry%20christmas&year_start=1780&year_end=1860&corpus=en&smoothing=0&case_insensitive=true
merry christmas,1854,222.0395,https://books.google.com/ngrams/json?content=happy%20christmas%2Cmerry%20christmas&year_start=1780&year_end=1860&corpus=en&smoothing=0&case_insensitive=true
merry christmas,1855,220.2387,https://books.google.com/ngrams/json?content=happy%20christmas%2Cmerry%20christmas&year_start=1780&year_end=1860&corpus=en&smoothing=0&case_insensitive=true
merry christmas,1856,232.0888,https://books.google.com/ngrams/json?content=happy%20christmas%2Cmerry%20christmas&year_start=1780&year_end=1860&corpus=en&smoothing=0&case_insensitive=true
merry christmas,1857,310.8753,https://books.google.com/ngrams/json?content=happy%20christmas%2Cmerry%20christmas&year_start=1780&year_end=1860&corpus=en&smoothing=0&case_insensitive=true
merry christmas,1858,249.106,https://books.google.com/ngrams/json?content=happy%20christmas%2Cmerry%20christmas&year_start=1780&year_end=1860&corpus=en&smoothing=0&case_insensitive=true
merry christmas,1859,302.0373,https://books.google.com/ngrams/json?content=happy%20christmas%2Cmerry%20christmas&year_start=1780&year_end=1860&corpus=en&smoothing=0&case_insensitive=true
merry christmas,1860,374.2559,https://books.google.com/ngrams/json?content=happy%20christmas%2Cmerry%20christmas&year_start=1780&year_end=1860&corpus=en&smoothing=0&case_insensitive=true
