station,name,dist_km,date,tmax_c,tmin_c,tavg_c,prcp_mm,snwd_mm,flags
RSM00023921,Ivdel,131,1959-01-28,-4.7,-20.4,-11.8,0.0,,PRCP:T
RSM00023921,Ivdel,131,1959-01-29,-6.4,-17.9,-9.4,0.0,,
RSM00023921,Ivdel,131,1959-01-30,-5.7,-22.4,-13.2,0.0,,
RSM00023921,Ivdel,131,1959-01-31,-5.5,-22.3,-9.4,0.0,,
RSM00023921,Ivdel,131,1959-02-01,-4.7,-11.2,-7.5,0.0,,
RSM00023921,Ivdel,131,1959-02-02,-9.7,-20.3,-13.6,0.0,,
RSM00023921,Ivdel,131,1959-02-03,-8.8,-17.3,-11.1,0.0,,
RSM00023921,Ivdel,131,1959-02-04,-10.7,-32.3,-23.4,0.2,,
RSM00023921,Ivdel,131,1959-02-05,-25.7,-36.1,-31.6,0.0,,
RSM00023921,Ivdel,131,1959-02-24,-10.4,-23.6,-16.3,1.2,,
RSM00023921,Ivdel,131,1959-02-25,-4.1,-26.3,-16.3,0.0,,PRCP:T
RSM00023921,Ivdel,131,1959-02-26,-3.7,-20.0,-14.2,0.0,,
RSM00023921,Ivdel,131,1959-02-27,-6.6,-26.9,-17.2,0.0,,
RSM00023921,Ivdel,131,1959-02-28,-5.5,-19.5,-12.4,0.0,,
RSM00023921,Ivdel,131,1959-03-01,-1.2,-21.1,-11.8,0.0,,
RSM00023921,Ivdel,131,1959-03-02,-0.4,-7.7,-3.6,0.3,,
RSM00023921,Ivdel,131,1959-03-03,3.5,-2.6,-0.7,0.0,,
RSM00023921,Ivdel,131,1959-03-04,5.3,-11.7,-4.7,0.0,,
RSM00023921,Ivdel,131,1959-03-05,5.6,-16.1,-5.3,0.0,,
RSM00023921,Ivdel,131,1959-03-06,3.1,-5.2,0.7,0.0,,
RSM00023921,Ivdel,131,1959-03-07,7.8,-9.9,-1.2,0.0,,
RSM00023921,Ivdel,131,1959-03-08,3.1,-14.6,-4.3,0.0,,
RSM00023921,Ivdel,131,1959-03-09,5.5,-11.6,-5.1,0.0,,
RSM00023921,Ivdel,131,1959-03-10,6.2,-10.9,-1.9,0.0,,
RSM00023724,Nyaksimvol,106,1959-01-28,-6.5,-9.1,-8.2,0.0,,PRCP:T
RSM00023724,Nyaksimvol,106,1959-01-29,-8.1,-26.3,-16.8,0.0,,
RSM00023724,Nyaksimvol,106,1959-01-30,-14.4,-27.4,-19.6,0.1,,
RSM00023724,Nyaksimvol,106,1959-01-31,-5.0,-20.1,-10.3,0.5,,
RSM00023724,Nyaksimvol,106,1959-02-01,-4.5,-13.9,-9.4,0.2,,
RSM00023724,Nyaksimvol,106,1959-02-02,-13.1,-30.8,-19.7,1.0,,
RSM00023724,Nyaksimvol,106,1959-02-03,-8.3,-18.3,-12.8,1.4,,
RSM00023724,Nyaksimvol,106,1959-02-04,-17.2,-33.8,-29.0,0.1,,
RSM00023724,Nyaksimvol,106,1959-02-05,-30.3,-39.9,-35.0,0.0,,
RSM00023724,Nyaksimvol,106,1959-02-24,-9.2,-16.7,-13.4,1.0,,
RSM00023724,Nyaksimvol,106,1959-02-25,-6.6,-23.3,-13.9,0.1,,
RSM00023724,Nyaksimvol,106,1959-02-26,-4.5,-18.6,-10.5,0.1,,
RSM00023724,Nyaksimvol,106,1959-02-27,-7.7,-28.3,-18.6,0.0,,
RSM00023724,Nyaksimvol,106,1959-02-28,-8.7,-23.0,-18.5,0.0,,
RSM00023724,Nyaksimvol,106,1959-03-01,-2.4,-29.2,-16.2,0.0,,
RSM00023724,Nyaksimvol,106,1959-03-02,2.5,-6.9,-3.5,0.6,,
RSM00023724,Nyaksimvol,106,1959-03-03,3.5,-4.0,-1.2,0.0,,
RSM00023724,Nyaksimvol,106,1959-03-04,7.1,-10.3,-3.8,0.0,,
RSM00023724,Nyaksimvol,106,1959-03-05,5.5,-17.1,-5.2,0.0,,
RSM00023724,Nyaksimvol,106,1959-03-06,2.0,-1.5,0.0,0.0,,
RSM00023724,Nyaksimvol,106,1959-03-07,7.7,-5.6,1.2,0.0,,
RSM00023724,Nyaksimvol,106,1959-03-08,3.3,-7.4,-2.6,0.0,,
RSM00023724,Nyaksimvol,106,1959-03-09,2.8,-3.3,0.2,0.0,,
RSM00023724,Nyaksimvol,106,1959-03-10,3.0,-3.0,-1.2,0.0,,
RSM00023711,Troitsko-Pechorsk,197,1959-01-28,-6.5,-11.3,-9.2,2.8,,
RSM00023711,Troitsko-Pechorsk,197,1959-01-29,-5.6,-13.3,-9.6,1.6,,
RSM00023711,Troitsko-Pechorsk,197,1959-01-30,-6.4,-24.6,-18.8,0.1,,
RSM00023711,Troitsko-Pechorsk,197,1959-01-31,-4.6,-19.1,-7.7,2.4,,
RSM00023711,Troitsko-Pechorsk,197,1959-02-01,-4.5,-15.6,-9.6,0.0,,
RSM00023711,Troitsko-Pechorsk,197,1959-02-02,-8.7,-20.7,-14.2,0.6,,
RSM00023711,Troitsko-Pechorsk,197,1959-02-03,-9.0,-19.0,-12.5,3.4,,
RSM00023711,Troitsko-Pechorsk,197,1959-02-04,-18.4,-35.5,-31.2,0.0,,
RSM00023711,Troitsko-Pechorsk,197,1959-02-05,-18.2,-34.6,-24.8,0.1,,
RSM00023711,Troitsko-Pechorsk,197,1959-02-24,-8.0,-13.2,-10.8,0.2,,
RSM00023711,Troitsko-Pechorsk,197,1959-02-25,-6.4,-13.4,-10.3,1.4,,
RSM00023711,Troitsko-Pechorsk,197,1959-02-26,-6.4,-13.5,-9.2,0.0,,PRCP:T
RSM00023711,Troitsko-Pechorsk,197,1959-02-27,-6.9,-18.7,-13.8,0.0,,
RSM00023711,Troitsko-Pechorsk,197,1959-02-28,-10.5,-25.7,-17.4,0.0,,
RSM00023711,Troitsko-Pechorsk,197,1959-03-01,-7.7,-25.6,-16.0,0.7,,
RSM00023711,Troitsko-Pechorsk,197,1959-03-02,1.7,-8.6,-1.8,1.4,,
RSM00023711,Troitsko-Pechorsk,197,1959-03-03,0.4,-5.6,-3.1,0.0,,PRCP:T
RSM00023711,Troitsko-Pechorsk,197,1959-03-04,-2.6,-13.4,-7.0,0.0,,PRCP:T
RSM00023711,Troitsko-Pechorsk,197,1959-03-05,3.4,-5.4,-1.9,0.0,,
RSM00023711,Troitsko-Pechorsk,197,1959-03-06,5.8,-2.0,1.2,0.0,,
RSM00023711,Troitsko-Pechorsk,197,1959-03-07,3.3,-8.4,-3.9,0.0,,
RSM00023711,Troitsko-Pechorsk,197,1959-03-08,0.8,-10.9,-5.7,0.0,,
RSM00023711,Troitsko-Pechorsk,197,1959-03-09,2.0,-3.9,-0.9,0.0,,
RSM00023711,Troitsko-Pechorsk,197,1959-03-10,1.4,-3.6,-2.3,0.7,,
RSM00023914,Cherdyn,217,1959-01-28,-6.2,-9.9,-8.4,0.9,,
RSM00023914,Cherdyn,217,1959-01-29,-6.6,-9.9,-7.8,0.8,,
RSM00023914,Cherdyn,217,1959-01-30,-8.1,-19.0,-12.8,1.2,,
RSM00023914,Cherdyn,217,1959-01-31,-7.0,-18.6,-9.7,1.4,,
RSM00023914,Cherdyn,217,1959-02-01,-6.4,-9.2,-7.4,0.5,,
RSM00023914,Cherdyn,217,1959-02-02,-8.6,-16.7,-12.8,0.2,,
RSM00023914,Cherdyn,217,1959-02-03,-9.2,-12.4,-10.7,1.8,,
RSM00023914,Cherdyn,217,1959-02-04,-10.0,-27.8,-22.8,0.6,,
RSM00023914,Cherdyn,217,1959-02-05,-18.8,-30.4,-23.8,0.0,,
RSM00023914,Cherdyn,217,1959-02-24,-7.4,-11.5,-9.1,1.0,,
RSM00023914,Cherdyn,217,1959-02-25,-7.8,-10.9,-9.2,0.7,,
RSM00023914,Cherdyn,217,1959-02-26,-8.4,-15.0,-11.0,0.0,,PRCP:T
RSM00023914,Cherdyn,217,1959-02-27,-9.0,-18.4,-13.6,0.1,,
RSM00023914,Cherdyn,217,1959-02-28,-4.0,-14.2,-9.8,0.0,,PRCP:T
RSM00023914,Cherdyn,217,1959-03-01,-7.9,-18.0,-12.2,0.0,,
RSM00023914,Cherdyn,217,1959-03-02,-1.2,-10.2,-4.8,1.6,,
RSM00023914,Cherdyn,217,1959-03-03,-1.0,-6.0,-2.7,0.0,,PRCP:T
RSM00023914,Cherdyn,217,1959-03-04,-2.6,-12.6,-6.8,0.0,,
RSM00023914,Cherdyn,217,1959-03-05,-2.1,-10.1,-6.2,0.0,,
RSM00023914,Cherdyn,217,1959-03-06,-1.8,-10.1,-6.6,0.0,,
RSM00023914,Cherdyn,217,1959-03-07,-3.5,-12.1,-7.8,0.0,,
RSM00023914,Cherdyn,217,1959-03-08,-2.3,-15.0,-8.0,0.0,,
RSM00023914,Cherdyn,217,1959-03-09,-1.4,-9.4,-5.8,0.0,,
RSM00023914,Cherdyn,217,1959-03-10,-2.2,-12.9,-6.0,0.0,,
RSM00023418,Pechora,391,1959-01-28,-6.7,-13.4,-10.6,2.5,,
RSM00023418,Pechora,391,1959-01-29,-12.6,-18.4,-15.1,1.0,,
RSM00023418,Pechora,391,1959-01-30,-17.7,-31.5,-26.2,1.5,,
RSM00023418,Pechora,391,1959-01-31,-4.4,-21.7,-10.2,6.9,,
RSM00023418,Pechora,391,1959-02-01,-5.2,-23.1,-17.3,1.8,,
RSM00023418,Pechora,391,1959-02-02,-18.2,-35.1,-24.6,1.9,,
RSM00023418,Pechora,391,1959-02-03,-11.5,-29.9,-19.9,3.2,,
RSM00023418,Pechora,391,1959-02-04,-29.9,-40.7,-35.8,0.0,,
RSM00023418,Pechora,391,1959-02-05,-18.5,-34.9,-24.4,0.0,,
RSM00023418,Pechora,391,1959-02-24,-8.5,-15.5,-12.2,0.0,,PRCP:T
RSM00023418,Pechora,391,1959-02-25,-8.7,-15.8,-12.8,0.1,,
RSM00023418,Pechora,391,1959-02-26,-6.6,-12.9,-9.3,0.0,,PRCP:T
RSM00023418,Pechora,391,1959-02-27,-6.5,-9.4,-7.7,0.0,,PRCP:T
RSM00023418,Pechora,391,1959-02-28,-9.0,-19.7,-12.5,0.0,,
RSM00023418,Pechora,391,1959-03-01,-6.8,-13.0,-8.9,1.6,,
RSM00023418,Pechora,391,1959-03-02,1.0,-6.9,-1.1,5.3,,
RSM00023418,Pechora,391,1959-03-03,1.2,-11.2,-4.2,0.0,,PRCP:T
RSM00023418,Pechora,391,1959-03-04,-2.8,-14.4,-8.6,0.0,,
RSM00023418,Pechora,391,1959-03-05,2.0,-8.1,-1.3,0.0,,
RSM00023418,Pechora,391,1959-03-06,2.8,-0.6,1.6,0.0,,PRCP:T
RSM00023418,Pechora,391,1959-03-07,4.1,-4.5,-0.5,0.0,,
RSM00023418,Pechora,391,1959-03-08,-0.7,-7.3,-4.3,0.0,,
RSM00023418,Pechora,391,1959-03-09,0.6,-3.2,-1.8,0.3,,
RSM00023418,Pechora,391,1959-03-10,-0.6,-4.6,-2.6,1.2,,
RSM00028044,Serov,247,1959-01-28,,,,0.0,,PRCP:T
RSM00028044,Serov,247,1959-01-29,,,,0.0,,PRCP:T
RSM00028044,Serov,247,1959-01-30,,,,0.1,,
RSM00028044,Serov,247,1959-01-31,,,-8.9,0.0,,TAVG:H
RSM00028044,Serov,247,1959-02-01,,,,0.0,,
RSM00028044,Serov,247,1959-02-02,,,-13.2,0.0,,TAVG:H
RSM00028044,Serov,247,1959-02-03,,,-11.1,0.0,,PRCP:T;TAVG:H
RSM00028044,Serov,247,1959-02-04,,,-20.0,0.4,,TAVG:H
RSM00028044,Serov,247,1959-02-05,,,,0.0,,PRCP:T
RSM00028044,Serov,247,1959-02-24,,,-11.0,1.5,,TAVG:H
RSM00028044,Serov,247,1959-02-25,,,,0.0,,
RSM00028044,Serov,247,1959-02-26,,,-8.9,0.0,,TAVG:H
RSM00028044,Serov,247,1959-02-27,,,-11.1,0.0,,TAVG:H
RSM00028044,Serov,247,1959-02-28,,,-11.9,0.0,,PRCP:T;TAVG:H
RSM00028044,Serov,247,1959-03-01,,,-9.2,0.0,,TAVG:H
RSM00028044,Serov,247,1959-03-02,,,-5.1,0.0,,PRCP:T;TAVG:H
RSM00028044,Serov,247,1959-03-03,,,,0.0,,
RSM00028044,Serov,247,1959-03-04,,,-2.7,0.0,,TAVG:H
RSM00028044,Serov,247,1959-03-05,,,-3.1,0.0,,TAVG:H
RSM00028044,Serov,247,1959-03-06,,,,0.0,,
RSM00028044,Serov,247,1959-03-07,,,-1.3,0.0,,TAVG:H
RSM00028044,Serov,247,1959-03-08,,,-5.0,0.0,,TAVG:H
RSM00028044,Serov,247,1959-03-09,,,0.9,0.0,,TAVG:H
RSM00028044,Serov,247,1959-03-10,,,1.9,0.0,,TAVG:H
