2026-09-14T06:01:54Z	https://archive.org/download/hannibalcrossesa00torruoft/hannibalcrossesa00torruoft_djvu.txt	OK 79291 bytes -> Torr_1924_Hannibal_Crosses_the_Alps__hannibalcrossesa00torruoft_djvu.txt (access-restricted=None)
2026-09-14T06:01:57Z	https://archive.org/download/hannibaloncemore00fres/hannibaloncemore00fres_djvu.txt	OK 274986 bytes -> Freshfield_1914_Hannibal_Once_More__hannibaloncemore00fres_djvu.txt (access-restricted=None)
2026-09-14T06:02:01Z	https://archive.org/download/alpsofhannibal01lawwuoft/alpsofhannibal01lawwuoft_djvu.txt	OK 771862 bytes -> Law_1866_Alps_of_Hannibal_vol1__alpsofhannibal01lawwuoft_djvu.txt (access-restricted=None)
2026-09-14T06:02:03Z	https://archive.org/download/alpsofhannibal02lawwuoft/alpsofhannibal02lawwuoft_djvu.txt	OK 697187 bytes -> Law_1866_Alps_of_Hannibal_vol2__alpsofhannibal02lawwuoft_djvu.txt (access-restricted=None)
2026-09-14T06:02:05Z	https://archive.org/download/coursehannibalo00whitgoog/coursehannibalo00whitgoog_djvu.txt	OK 471984 bytes -> Whitaker_1794_Course_of_Hannibal_vol1__coursehannibalo00whitgoog_djvu.txt (access-restricted=None)
2026-09-14T06:02:12Z	https://archive.org/download/coursehannibalo01whitgoog/coursehannibalo01whitgoog_djvu.txt	OK 617618 bytes -> Whitaker_1794_Course_of_Hannibal_vol2__coursehannibalo01whitgoog_djvu.txt (access-restricted=None)
2026-09-14T06:02:14Z	https://archive.org/download/dissertationonpa00cramuoft/dissertationonpa00cramuoft_djvu.txt	OK 359866 bytes -> Wickham_Cramer_1820_Dissertation_Passage_of_Hannibal__dissertationonpa00cramuoft_djvu.txt (access-restricted=None)
2026-09-14T06:02:17Z	https://archive.org/download/adisserationonp00cramgoog/adisserationonp00cramgoog_djvu.txt	OK 374731 bytes -> Wickham_Cramer_1828_Dissertation_2nd_ed__adisserationonp00cramgoog_djvu.txt (access-restricted=None)
2026-09-14T06:02:20Z	https://archive.org/download/marchofhannibalf00longrich/marchofhannibalf00longrich_djvu.txt	OK 174922 bytes -> Long_1831_March_of_Hannibal_Rhone_to_Alps__marchofhannibalf00longrich_djvu.txt (access-restricted=None)
2026-09-14T06:02:23Z	https://archive.org/download/jstor-1798114/1798114_djvu.txt	OK 29195 bytes -> Chaix_1855_Notes_Passage_of_Hannibal_JRGS__jstor-1798114_djvu.txt (access-restricted=None)
2026-09-14T06:02:25Z	https://archive.org/download/annibaldanslesal00azan/annibaldanslesal00azan_djvu.txt	OK 538672 bytes -> Azan_1902_Annibal_dans_les_Alpes__annibaldanslesal00azan_djvu.txt (access-restricted=None)
2026-09-14T06:02:27Z	https://archive.org/download/annibalengaule00livygoog/annibalengaule00livygoog_djvu.txt	OK 939519 bytes -> Colin_1904_Annibal_en_Gaule__annibalengaule00livygoog_djvu.txt (access-restricted=None)
2026-09-14T06:02:30Z	https://archive.org/download/histoirecritiqu00hanngoog/histoirecritiqu00hanngoog_djvu.txt	OK 419646 bytes -> Larauza_1826_Histoire_critique_passage_des_Alpes__histoirecritiqu00hanngoog_djvu.txt (access-restricted=None)
2026-09-14T06:02:36Z	https://archive.org/download/histoiredupassa01lucgoog/histoiredupassa01lucgoog_djvu.txt	OK 390862 bytes -> DeLuc_1818_Histoire_du_passage_des_Alpes__histoiredupassa01lucgoog_djvu.txt (access-restricted=None)
2026-09-14T06:02:42Z	https://archive.org/download/annibalengaule00maisgoog/annibalengaule00maisgoog_djvu.txt	OK 690507 bytes -> Maissiat_1874_Annibal_en_Gaule__annibalengaule00maisgoog_djvu.txt (access-restricted=None)
2026-09-14T06:02:46Z	https://archive.org/download/histoiredelagaul01julluoft/histoiredelagaul01julluoft_djvu.txt	OK 1539950 bytes -> Jullian_1908_Histoire_de_la_Gaule_vol1__histoiredelagaul01julluoft_djvu.txt (access-restricted=None)
2026-09-14T06:02:48Z	https://archive.org/download/mastering-the-west-rome-and-carthage-at-war/vdoc.pub_mastering-the-west-rome-and-carthage-at-war_djvu.txt	OK 764971 bytes -> Hoyos_2015_Mastering_the_West__mastering-the-west-rome-and-carthage-at-war_djvu.txt (access-restricted=None)
2026-09-14T06:02:50Z	https://archive.org/download/the-punic-wars-265-146bc/vdoc.pub_the-fall-of-carthage-the-punic-wars-265-146bc_djvu.txt	OK 1065317 bytes -> Goldsworthy_2007_Fall_of_Carthage_Punic_Wars__the-punic-wars-265-146bc_djvu.txt (access-restricted=None)
2026-09-14T06:02:52Z	https://archive.org/download/Peter-Connolly-Greece-and-Rome-at-War/207309413-Osprey-Writer-Peter-Connolly-Grecia-e-Roma-in-Guerra_djvu.txt	OK 1210780 bytes -> Connolly_Greece_and_Rome_at_War_ITALIAN_ed__Peter-Connolly-Greece-and-Rome-at-War_djvu.txt (access-restricted=None)
2026-09-14T06:02:55Z	https://archive.org/download/historicalcommen0001fwwa/historicalcommen0001fwwa_djvu.txt	FAIL HTTP Error 401: Unauthorized (access-restricted=true)
2026-09-14T06:02:57Z	https://archive.org/download/alpselephantshan0000debe/alpselephantshan0000debe_djvu.txt	FAIL HTTP Error 403: Forbidden (access-restricted=true)
2026-09-14T06:02:59Z	https://archive.org/download/hannibalchalleng0000debe/hannibalchalleng0000debe_djvu.txt	FAIL HTTP Error 401: Unauthorized (access-restricted=true)
2026-09-14T06:03:09Z	https://archive.org/download/hannibalcrossesa0000prev/hannibalcrossesa0000prev_djvu.txt	FAIL HTTP Error 401: Unauthorized (access-restricted=true)
2026-09-14T06:03:11Z	https://archive.org/download/hannibal0000hunt/hannibal0000hunt_djvu.txt	FAIL HTTP Error 401: Unauthorized (access-restricted=true)
2026-09-14T06:03:13Z	https://archive.org/download/hannibalhellenis0000macd/hannibalhellenis0000macd_djvu.txt	FAIL HTTP Error 403: Forbidden (access-restricted=true)
2026-09-14T06:03:14Z	https://archive.org/download/trunkroadforhann0000john/trunkroadforhann0000john_djvu.txt	FAIL HTTP Error 401: Unauthorized (access-restricted=true)
2026-09-14T06:03:16Z	https://archive.org/download/hannibal00lanc/hannibal00lanc_djvu.txt	FAIL HTTP Error 401: Unauthorized (access-restricted=true)
2026-09-14T06:03:19Z	https://archive.org/download/punicwarsromecar0000bagn/punicwarsromecar0000bagn_djvu.txt	FAIL HTTP Error 401: Unauthorized (access-restricted=true)
2026-09-14T06:03:21Z	https://archive.org/download/carthagemustbede0000mile/carthagemustbede0000mile_djvu.txt	FAIL HTTP Error 401: Unauthorized (access-restricted=true)
2026-09-14T06:03:23Z	https://archive.org/download/passageofalpsfro0000pyat/passageofalpsfro0000pyat_djvu.txt	FAIL HTTP Error 401: Unauthorized (access-restricted=true)
2026-09-14T06:03:26Z	https://archive.org/download/isbn_9781853673030/isbn_9781853673030_djvu.txt	FAIL HTTP Error 401: Unauthorized (access-restricted=true)
2026-09-14T06:17:18Z	https://archive.org/download/hannibalsmarchth00wilkuoft/hannibalsmarchth00wilkuoft_djvu.txt	OK 73394 bytes -> Wilkinson_1911_Hannibals_March_through_the_Alps__hannibalsmarchth00wilkuoft_djvu.txt (access-restricted=None)
2026-09-14T06:17:23Z	https://archive.org/download/treatiseonhannib00elli/treatiseonhannib00elli_djvu.txt	OK 516550 bytes -> Ellis_1853_Treatise_on_Hannibals_Passage__treatiseonhannib00elli_djvu.txt (access-restricted=None)
2026-09-14T06:17:24Z	archive.org/derhannibalwegn00osiagoog	no djvu.txt
2026-09-14T06:17:27Z	https://archive.org/download/alpsinnaturehist00cooluoft/alpsinnaturehist00cooluoft_djvu.txt	OK 1174116 bytes -> Coolidge_1908_Alps_in_Nature_and_History__alpsinnaturehist00cooluoft_djvu.txt (access-restricted=None)
2026-09-14T06:17:31Z	https://archive.org/download/romansonrivierar00hall/romansonrivierar00hall_djvu.txt	OK 439833 bytes -> Hall_1898_Romans_on_the_Riviera_and_the_Rhone__romansonrivierar00hall_djvu.txt (access-restricted=None)
2026-09-14T06:17:34Z	https://archive.org/download/journalsofexcurs00brocuoft/journalsofexcurs00brocuoft_djvu.txt	OK 636907 bytes -> Brockedon_1833_Journals_of_Excursions_in_the_Alps__journalsofexcurs00brocuoft_djvu.txt (access-restricted=None)
2026-09-14T06:17:40Z	https://archive.org/download/illustrationsof01broc/illustrationsof01broc_djvu.txt	OK 244932 bytes -> Brockedon_1828_Illustrations_of_the_Passes_of_the_Alps_vol1__illustrationsof01broc_djvu.txt (access-restricted=None)
2026-09-14T06:17:43Z	https://archive.org/download/alpshannibal00lawgoog/alpshannibal00lawgoog_djvu.txt	OK 667525 bytes -> Law_1866_Alps_of_Hannibal_googlecopy__alpshannibal00lawgoog_djvu.txt (access-restricted=None)
2026-09-14T06:17:48Z	archive.org/download/hannibalsmarchin0000proc	FAIL HTTP Error 403: Forbidden
2026-09-14T06:17:56Z	archive.org/download/hannibalswarmili00laze	FAIL HTTP Error 401: Unauthorized
2026-09-14T06:18:00Z	archive.org/download/gallianarbonensi0000rive	FAIL HTTP Error 401: Unauthorized
2026-09-14T06:18:04Z	https://archive.org/download/westernalps00ball/westernalps00ball_djvu.txt	OK 2770761 bytes -> Ball_1898_Western_Alps__westernalps00ball_djvu.txt (access-restricted=None)
2026-09-14T06:18:07Z	archive.org/download/ancientpathwaysi00case	FAIL HTTP Error 401: Unauthorized
2026-09-14T06:18:10Z	archive.org/download/crossingofalps0000gost	FAIL HTTP Error 401: Unauthorized
2026-09-14T06:29:44Z	https://archive.org/download/hannibal-and-scipio-parallel-lives/Hannibal%20and%20Scipio%20Parallel%20Lives_djvu.txt	OK 1552752 bytes -> Hornblower_2024_Hannibal_and_Scipio_Parallel_Lives__hannibal-and-scipio-parallel-lives_djvu.txt (access-restricted=None)
2026-09-14T06:29:47Z	https://archive.org/download/prcisdesguerres00marcgoog/prcisdesguerres00marcgoog_djvu.txt	OK 294705 bytes -> Napoleon_1836_Precis_des_guerres_de_Cesar__prcisdesguerres00marcgoog_djvu.txt (access-restricted=None)
2026-09-14T06:29:50Z	https://archive.org/download/hannibalsalpenb00hessgoog/hannibalsalpenb00hessgoog_djvu.txt	OK 88243 bytes -> Hesselmeyer_1906_Hannibals_Alpenuebergang__hannibalsalpenb00hessgoog_djvu.txt (access-restricted=None)
2026-09-14T06:29:53Z	https://archive.org/download/bub_gb_MS_gAAAAMAAJ/bub_gb_MS_gAAAAMAAJ_djvu.txt	OK 27076 bytes -> Wiedemann_1856_Ueber_Hannibals_Alpenuebergang__bub_gb_MS_gAAAAMAAJ_djvu.txt (access-restricted=None)
2026-09-14T06:29:56Z	https://archive.org/download/derhannibalwegn01osiagoog/derhannibalwegn01osiagoog_djvu.txt	OK 471301 bytes -> Osiander_1900_Der_Hannibalweg__derhannibalwegn01osiagoog_djvu.txt (access-restricted=None)
2026-09-14T06:29:59Z	https://archive.org/download/bub_gb_uAVYqu_XP7IC/bub_gb_uAVYqu_XP7IC_djvu.txt	OK 730898 bytes -> Parthey_Pinder_1848_Itinerarium_Antonini__bub_gb_uAVYqu_XP7IC_djvu.txt (access-restricted=None)
2026-09-14T06:30:02Z	archive.org/download/scipioneeannibal0000briz	FAIL HTTP Error 401: Unauthorized
2026-09-14T06:30:17Z	archive.org/download/hannibalmilitary0000gabr	FAIL HTTP Error 401: Unauthorized
2026-09-14T06:31:06Z	https://archive.org/download/diosromanhistor02cass/diosromanhistor02cass_djvu.txt	OK 1037166 bytes -> testimonia/editions/Dio_Loeb_vol2_Cary_1914_Zonaras__diosromanhistor02cass_djvu.txt (access-restricted=None)
2026-09-14T06:31:09Z	https://archive.org/download/sallustsa00sall/sallustsa00sall_djvu.txt	OK 995796 bytes -> testimonia/editions/Sallust_Loeb_Rolfe_1921__sallustsa00sall_djvu.txt (access-restricted=None)
2026-09-14T06:31:13Z	https://archive.org/download/ammianusmarcelli01ammiuoft/ammianusmarcelli01ammiuoft_djvu.txt	OK 1195972 bytes -> testimonia/editions/Ammianus_Loeb_vol1_Rolfe_1935__ammianusmarcelli01ammiuoft_djvu.txt (access-restricted=None)
2026-09-14T06:31:18Z	https://archive.org/download/serviigrammatic00thilgoog/serviigrammatic00thilgoog_djvu.txt	OK 878176 bytes -> testimonia/editions/Servius_Thilo_copy00__serviigrammatic00thilgoog_djvu.txt (access-restricted=None)
2026-09-14T06:31:22Z	https://archive.org/download/serviigrammatic01thilgoog/serviigrammatic01thilgoog_djvu.txt	OK 1106027 bytes -> testimonia/editions/Servius_Thilo_copy01__serviigrammatic01thilgoog_djvu.txt (access-restricted=None)
2026-09-14T06:31:25Z	https://archive.org/download/serviigrammatic02thilgoog/serviigrammatic02thilgoog_djvu.txt	OK 1035339 bytes -> testimonia/editions/Servius_Thilo_copy02__serviigrammatic02thilgoog_djvu.txt (access-restricted=None)
2026-09-14T06:31:30Z	https://archive.org/download/serviigrammatic03thilgoog/serviigrammatic03thilgoog_djvu.txt	OK 1402177 bytes -> testimonia/editions/Servius_Thilo_copy03__serviigrammatic03thilgoog_djvu.txt (access-restricted=None)
2026-09-14T06:31:35Z	https://archive.org/download/bub_gb_i_JfAAAAMAAJ/bub_gb_i_JfAAAAMAAJ_djvu.txt	OK 4916432 bytes -> testimonia/editions/Ptolemy_Geographia_Mueller_1883__bub_gb_i_JfAAAAMAAJ_djvu.txt (access-restricted=None)
