n,word_hyphen_split,initial_hyphen_split,word_hyphen_joined,initial_hyphen_joined
1,when,W,when,W
2,in,I,in,I
3,the,T,the,T
4,course,C,course,C
5,of,O,of,O
6,human,H,human,H
7,events,E,events,E
8,it,I,it,I
9,becomes,B,becomes,B
10,necessary,N,necessary,N
11,for,F,for,F
12,one,O,one,O
13,people,P,people,P
14,to,T,to,T
15,dissolve,D,dissolve,D
16,the,T,the,T
17,political,P,political,P
18,bands,B,bands,B
19,which,W,which,W
20,have,H,have,H
21,connected,C,connected,C
22,them,T,them,T
23,with,W,with,W
24,another,A,another,A
25,and,A,and,A
26,to,T,to,T
27,assume,A,assume,A
28,among,A,among,A
29,the,T,the,T
30,powers,P,powers,P
31,of,O,of,O
32,the,T,the,T
33,earth,E,earth,E
34,the,T,the,T
35,separate,S,separate,S
36,and,A,and,A
37,equal,E,equal,E
38,station,S,station,S
39,to,T,to,T
40,which,W,which,W
41,the,T,the,T
42,laws,L,laws,L
43,of,O,of,O
44,nature,N,nature,N
45,and,A,and,A
46,of,O,of,O
47,nature's,N,nature's,N
48,god,G,god,G
49,entitle,E,entitle,E
50,them,T,them,T
51,a,A,a,A
52,decent,D,decent,D
53,respect,R,respect,R
54,to,T,to,T
55,the,T,the,T
56,opinions,O,opinions,O
57,of,O,of,O
58,mankind,M,mankind,M
59,requires,R,requires,R
60,that,T,that,T
61,they,T,they,T
62,should,S,should,S
63,declare,D,declare,D
64,the,T,the,T
65,causes,C,causes,C
66,which,W,which,W
67,impel,I,impel,I
68,them,T,them,T
69,to,T,to,T
70,the,T,the,T
71,separation,S,separation,S
72,we,W,we,W
73,hold,H,hold,H
74,these,T,these,T
75,truths,T,truths,T
76,to,T,to,T
77,be,B,be,B
78,self,S,selfevident,S
79,evident,E,that,T
80,that,T,all,A
81,all,A,men,M
82,men,M,are,A
83,are,A,created,C
84,created,C,equal,E
85,equal,E,that,T
86,that,T,they,T
87,they,T,are,A
88,are,A,endowed,E
89,endowed,E,by,B
90,by,B,their,T
91,their,T,creator,C
92,creator,C,with,W
93,with,W,certain,C
94,certain,C,inalienable,I
95,inalienable,I,rights,R
96,rights,R,that,T
97,that,T,among,A
98,among,A,these,T
99,these,T,are,A
100,are,A,life,L
101,life,L,liberty,L
102,liberty,L,and,A
103,and,A,the,T
104,the,T,pursuit,P
105,pursuit,P,of,O
106,of,O,happiness,H
107,happiness,H,that,T
108,that,T,to,T
109,to,T,secure,S
110,secure,S,their,T
111,their,T,rights,R
112,rights,R,governments,G
113,governments,G,are,A
114,are,A,instituted,I
115,instituted,I,among,A
116,among,A,men,M
117,men,M,deriving,D
118,deriving,D,their,T
119,their,T,just,J
120,just,J,powers,P
121,powers,P,from,F
122,from,F,the,T
123,the,T,consent,C
124,consent,C,of,O
125,of,O,the,T
126,the,T,governed,G
127,governed,G,that,T
128,that,T,when,W
129,when,W,any,A
130,any,A,form,F
131,form,F,of,O
132,of,O,government,G
133,government,G,becomes,B
134,becomes,B,destructive,D
135,destructive,D,of,O
136,of,O,these,T
137,these,T,ends,E
138,ends,E,it,I
139,it,I,is,I
140,is,I,the,T
141,the,T,right,R
142,right,R,of,O
143,of,O,the,T
144,the,T,people,P
145,people,P,to,T
146,to,T,alter,A
147,alter,A,or,O
148,or,O,to,T
149,to,T,abolish,A
150,abolish,A,it,I
151,it,I,and,A
152,and,A,to,T
153,to,T,institute,I
154,institute,I,a,A
155,a,A,new,N
156,new,N,government,G
157,government,G,laying,L
158,laying,L,its,I
159,its,I,foundation,F
160,foundation,F,on,O
161,on,O,such,S
162,such,S,principles,P
163,principles,P,and,A
164,and,A,organizing,O
165,organizing,O,its,I
166,its,I,powers,P
167,powers,P,in,I
168,in,I,such,S
169,such,S,form,F
170,form,F,as,A
171,as,A,to,T
172,to,T,them,T
173,them,T,shall,S
174,shall,S,seem,S
175,seem,S,most,M
176,most,M,likely,L
177,likely,L,to,T
178,to,T,effect,E
179,effect,E,their,T
180,their,T,safety,S
181,safety,S,and,A
182,and,A,happiness,H
183,happiness,H,prudence,P
184,prudence,P,indeed,I
185,indeed,I,will,W
186,will,W,dictate,D
187,dictate,D,that,T
188,that,T,governments,G
189,governments,G,long,L
190,long,L,established,E
191,established,E,should,S
192,should,S,not,N
193,not,N,be,B
194,be,B,changed,C
195,changed,C,for,F
196,for,F,light,L
197,light,L,and,A
198,and,A,transient,T
199,transient,T,causes,C
200,causes,C,and,A
201,and,A,accordingly,A
202,accordingly,A,all,A
203,all,A,experience,E
204,experience,E,hath,H
205,hath,H,shown,S
206,shown,S,that,T
207,that,T,mankind,M
208,mankind,M,are,A
209,are,A,now,N
210,now,N,disposed,D
211,disposed,D,to,T
212,to,T,suffer,S
213,suffer,S,while,W
214,while,W,evils,E
215,evils,E,are,A
216,are,A,sufferable,S
217,sufferable,S,than,T
218,than,T,to,T
219,to,T,right,R
220,right,R,themselves,T
221,themselves,T,by,B
222,by,B,abolishing,A
223,abolishing,A,the,T
224,the,T,forms,F
225,forms,F,to,T
226,to,T,which,W
227,which,W,they,T
228,they,T,are,A
229,are,A,accustomed,A
230,accustomed,A,but,B
231,but,B,when,W
232,when,W,a,A
233,a,A,long,L
234,long,L,train,T
235,train,T,of,O
236,of,O,abuses,A
237,abuses,A,and,A
238,and,A,usurpations,U
239,usurpations,U,pursuing,P
240,pursuing,P,invariably,I
241,invariably,I,the,T
242,the,T,same,S
243,same,S,object,O
244,object,O,evinces,E
245,evinces,E,a,A
246,a,A,design,D
247,design,D,to,T
248,to,T,reduce,R
249,reduce,R,them,T
250,them,T,under,U
251,under,U,absolute,A
252,absolute,A,despotism,D
253,despotism,D,it,I
254,it,I,is,I
255,is,I,their,T
256,their,T,right,R
257,right,R,it,I
258,it,I,is,I
259,is,I,their,T
260,their,T,duty,D
261,duty,D,to,T
262,to,T,throw,T
263,throw,T,off,O
264,off,O,such,S
265,such,S,government,G
266,government,G,and,A
267,and,A,to,T
268,to,T,provide,P
269,provide,P,new,N
270,new,N,guards,G
271,guards,G,for,F
272,for,F,their,T
273,their,T,future,F
274,future,F,security,S
275,security,S,such,S
276,such,S,has,H
277,has,H,been,B
278,been,B,the,T
279,the,T,patient,P
280,patient,P,sufferance,S
281,sufferance,S,of,O
282,of,O,these,T
283,these,T,colonies,C
284,colonies,C,and,A
285,and,A,such,S
286,such,S,is,I
287,is,I,now,N
288,now,N,the,T
289,the,T,necessity,N
290,necessity,N,which,W
291,which,W,constrains,C
292,constrains,C,them,T
293,them,T,to,T
294,to,T,alter,A
295,alter,A,their,T
296,their,T,former,F
297,former,F,systems,S
298,systems,S,of,O
299,of,O,government,G
300,government,G,the,T
301,the,T,history,H
302,history,H,of,O
303,of,O,the,T
304,the,T,present,P
305,present,P,king,K
306,king,K,of,O
307,of,O,great,G
308,great,G,britain,B
309,britain,B,is,I
310,is,I,a,A
311,a,A,history,H
312,history,H,of,O
313,of,O,repeated,R
314,repeated,R,injuries,I
315,injuries,I,and,A
316,and,A,usurpations,U
317,usurpations,U,all,A
318,all,A,having,H
319,having,H,in,I
320,in,I,direct,D
321,direct,D,object,O
322,object,O,the,T
323,the,T,establishment,E
324,establishment,E,of,O
325,of,O,an,A
326,an,A,absolute,A
327,absolute,A,tyranny,T
328,tyranny,T,over,O
329,over,O,these,T
330,these,T,states,S
331,states,S,to,T
332,to,T,prove,P
333,prove,P,this,T
334,this,T,let,L
335,let,L,facts,F
336,facts,F,be,B
337,be,B,submitted,S
338,submitted,S,to,T
339,to,T,a,A
340,a,A,candid,C
341,candid,C,world,W
342,world,W,he,H
343,he,H,has,H
344,has,H,refused,R
345,refused,R,his,H
346,his,H,assent,A
347,assent,A,to,T
348,to,T,laws,L
349,laws,L,the,T
350,the,T,most,M
351,most,M,wholesome,W
352,wholesome,W,and,A
353,and,A,necessary,N
354,necessary,N,for,F
355,for,F,the,T
356,the,T,public,P
357,public,P,good,G
358,good,G,he,H
359,he,H,has,H
360,has,H,forbidden,F
361,forbidden,F,his,H
362,his,H,governors,G
363,governors,G,to,T
364,to,T,pass,P
365,pass,P,laws,L
366,laws,L,of,O
367,of,O,immediate,I
368,immediate,I,and,A
369,and,A,pressing,P
370,pressing,P,importance,I
371,importance,I,unless,U
372,unless,U,suspended,S
373,suspended,S,in,I
374,in,I,their,T
375,their,T,operation,O
376,operation,O,till,T
377,till,T,his,H
378,his,H,assent,A
379,assent,A,should,S
380,should,S,be,B
381,be,B,obtained,O
382,obtained,O,and,A
383,and,A,when,W
384,when,W,so,S
385,so,S,suspended,S
386,suspended,S,he,H
387,he,H,has,H
388,has,H,utterly,U
389,utterly,U,neglected,N
390,neglected,N,to,T
391,to,T,attend,A
392,attend,A,to,T
393,to,T,them,T
394,them,T,he,H
395,he,H,has,H
396,has,H,refused,R
397,refused,R,to,T
398,to,T,pass,P
399,pass,P,other,O
400,other,O,laws,L
401,laws,L,for,F
402,for,F,the,T
403,the,T,accommodation,A
404,accommodation,A,of,O
405,of,O,large,L
406,large,L,districts,D
407,districts,D,of,O
408,of,O,people,P
409,people,P,unless,U
410,unless,U,those,T
411,those,T,people,P
412,people,P,would,W
413,would,W,relinquish,R
414,relinquish,R,their,T
415,their,T,right,R
416,right,R,of,O
417,of,O,representation,R
418,representation,R,in,I
419,in,I,the,T
420,the,T,legislature,L
421,legislature,L,a,A
422,a,A,right,R
423,right,R,inestimable,I
424,inestimable,I,to,T
425,to,T,them,T
426,them,T,and,A
427,and,A,formidable,F
428,formidable,F,to,T
429,to,T,tyrants,T
430,tyrants,T,only,O
431,only,O,he,H
432,he,H,has,H
433,has,H,called,C
434,called,C,together,T
435,together,T,legislative,L
436,legislative,L,bodies,B
437,bodies,B,at,A
438,at,A,places,P
439,places,P,unusual,U
440,unusual,U,uncomfortable,U
441,uncomfortable,U,and,A
442,and,A,distant,D
443,distant,D,from,F
444,from,F,the,T
445,the,T,depositary,D
446,depositary,D,of,O
447,of,O,their,T
448,their,T,public,P
449,public,P,records,R
450,records,R,for,F
451,for,F,the,T
452,the,T,sole,S
453,sole,S,purpose,P
454,purpose,P,of,O
455,of,O,fatiguing,F
456,fatiguing,F,them,T
457,them,T,into,I
458,into,I,compliance,C
459,compliance,C,with,W
460,with,W,his,H
461,his,H,measures,M
462,measures,M,he,H
463,he,H,has,H
464,has,H,dissolved,D
465,dissolved,D,representative,R
466,representative,R,houses,H
467,houses,H,repeatedly,R
468,repeatedly,R,for,F
469,for,F,opposing,O
470,opposing,O,with,W
471,with,W,manly,M
472,manly,M,firmness,F
473,firmness,F,his,H
474,his,H,invasions,I
475,invasions,I,on,O
476,on,O,the,T
477,the,T,rights,R
478,rights,R,of,O
479,of,O,the,T
480,the,T,people,P
481,people,P,he,H
482,he,H,has,H
483,has,H,refused,R
484,refused,R,for,F
485,for,F,a,A
486,a,A,long,L
487,long,L,time,T
488,time,T,after,A
489,after,A,such,S
490,such,S,dissolutions,D
491,dissolutions,D,to,T
492,to,T,cause,C
493,cause,C,others,O
494,others,O,to,T
495,to,T,be,B
496,be,B,elected,E
497,elected,E,whereby,W
498,whereby,W,the,T
499,the,T,legislative,L
500,legislative,L,powers,P
501,powers,P,incapable,I
502,incapable,I,of,O
503,of,O,annihilation,A
504,annihilation,A,have,H
505,have,H,returned,R
506,returned,R,to,T
507,to,T,the,T
508,the,T,people,P
509,people,P,at,A
510,at,A,large,L
511,large,L,for,F
512,for,F,their,T
513,their,T,exercise,E
514,exercise,E,the,T
515,the,T,state,S
516,state,S,remaining,R
517,remaining,R,in,I
518,in,I,the,T
519,the,T,meantime,M
520,meantime,M,exposed,E
521,exposed,E,to,T
522,to,T,all,A
523,all,A,the,T
524,the,T,danger,D
525,danger,D,of,O
526,of,O,invasion,I
527,invasion,I,from,F
528,from,F,without,W
529,without,W,and,A
530,and,A,convulsions,C
531,convulsions,C,within,W
532,within,W,he,H
533,he,H,has,H
534,has,H,endeavored,E
535,endeavored,E,to,T
536,to,T,prevent,P
537,prevent,P,the,T
538,the,T,population,P
539,population,P,of,O
540,of,O,these,T
541,these,T,states,S
542,states,S,for,F
543,for,F,that,T
544,that,T,purpose,P
545,purpose,P,obstructing,O
546,obstructing,O,the,T
547,the,T,laws,L
548,laws,L,of,O
549,of,O,naturalization,N
550,naturalization,N,of,O
551,of,O,foreigners,F
552,foreigners,F,refusing,R
553,refusing,R,to,T
554,to,T,pass,P
555,pass,P,others,O
556,others,O,to,T
557,to,T,encourage,E
558,encourage,E,their,T
559,their,T,migration,M
560,migration,M,hither,H
561,hither,H,and,A
562,and,A,raising,R
563,raising,R,the,T
564,the,T,conditions,C
565,conditions,C,of,O
566,of,O,new,N
567,new,N,appropriations,A
568,appropriations,A,of,O
569,of,O,lands,L
570,lands,L,he,H
571,he,H,has,H
572,has,H,obstructed,O
573,obstructed,O,the,T
574,the,T,administration,A
575,administration,A,of,O
576,of,O,justice,J
577,justice,J,by,B
578,by,B,refusing,R
579,refusing,R,his,H
580,his,H,assent,A
581,assent,A,to,T
582,to,T,laws,L
583,laws,L,for,F
584,for,F,establishing,E
585,establishing,E,judiciary,J
586,judiciary,J,powers,P
587,powers,P,he,H
588,he,H,has,H
589,has,H,made,M
590,made,M,judges,J
591,judges,J,dependent,D
592,dependent,D,on,O
593,on,O,his,H
594,his,H,will,W
595,will,W,alone,A
596,alone,A,for,F
597,for,F,the,T
598,the,T,tenure,T
599,tenure,T,of,O
600,of,O,their,T
601,their,T,offices,O
602,offices,O,and,A
603,and,A,the,T
604,the,T,amount,A
605,amount,A,and,A
606,and,A,payment,P
607,payment,P,of,O
608,of,O,their,T
609,their,T,salaries,S
610,salaries,S,he,H
611,he,H,has,H
612,has,H,erected,E
613,erected,E,a,A
614,a,A,multitude,M
615,multitude,M,of,O
616,of,O,new,N
617,new,N,offices,O
618,offices,O,and,A
619,and,A,sent,S
620,sent,S,hither,H
621,hither,H,swarms,S
622,swarms,S,of,O
623,of,O,officers,O
624,officers,O,to,T
625,to,T,harass,H
626,harass,H,our,O
627,our,O,people,P
628,people,P,and,A
629,and,A,eat,E
630,eat,E,out,O
631,out,O,their,T
632,their,T,substance,S
633,substance,S,he,H
634,he,H,has,H
635,has,H,kept,K
636,kept,K,among,A
637,among,A,us,U
638,us,U,in,I
639,in,I,times,T
640,times,T,of,O
641,of,O,peace,P
642,peace,P,standing,S
643,standing,S,armies,A
644,armies,A,without,W
645,without,W,the,T
646,the,T,consent,C
647,consent,C,of,O
648,of,O,our,O
649,our,O,legislature,L
650,legislature,L,he,H
651,he,H,has,H
652,has,H,offered,O
653,offered,O,to,T
654,to,T,render,R
655,render,R,the,T
656,the,T,military,M
657,military,M,independent,I
658,independent,I,of,O
659,of,O,and,A
660,and,A,superior,S
661,superior,S,to,T
662,to,T,the,T
663,the,T,civil,C
664,civil,C,power,P
665,power,P,he,H
666,he,H,has,H
667,has,H,combined,C
668,combined,C,with,W
669,with,W,others,O
670,others,O,to,T
671,to,T,subject,S
672,subject,S,us,U
673,us,U,to,T
674,to,T,a,A
675,a,A,jurisdiction,J
676,jurisdiction,J,foreign,F
677,foreign,F,to,T
678,to,T,our,O
679,our,O,constitution,C
680,constitution,C,and,A
681,and,A,unacknowledged,U
682,unacknowledged,U,by,B
683,by,B,our,O
684,our,O,laws,L
685,laws,L,giving,G
686,giving,G,his,H
687,his,H,assent,A
688,assent,A,to,T
689,to,T,their,T
690,their,T,acts,A
691,acts,A,of,O
692,of,O,pretended,P
693,pretended,P,legislation,L
694,legislation,L,for,F
695,for,F,quartering,Q
696,quartering,Q,large,L
697,large,L,bodies,B
698,bodies,B,of,O
699,of,O,armed,A
700,armed,A,troops,T
701,troops,T,among,A
702,among,A,us,U
703,us,U,for,F
704,for,F,protecting,P
705,protecting,P,them,T
706,them,T,by,B
707,by,B,a,A
708,a,A,mock,M
709,mock,M,trial,T
710,trial,T,from,F
711,from,F,punishment,P
712,punishment,P,for,F
713,for,F,any,A
714,any,A,murders,M
715,murders,M,which,W
716,which,W,they,T
717,they,T,should,S
718,should,S,commit,C
719,commit,C,on,O
720,on,O,the,T
721,the,T,inhabitants,I
722,inhabitants,I,of,O
723,of,O,these,T
724,these,T,states,S
725,states,S,for,F
726,for,F,cutting,C
727,cutting,C,off,O
728,off,O,our,O
729,our,O,trade,T
730,trade,T,with,W
731,with,W,all,A
732,all,A,parts,P
733,parts,P,of,O
734,of,O,the,T
735,the,T,world,W
736,world,W,for,F
737,for,F,imposing,I
738,imposing,I,taxes,T
739,taxes,T,on,O
740,on,O,us,U
741,us,U,without,W
742,without,W,our,O
743,our,O,consent,C
744,consent,C,for,F
745,for,F,depriving,D
746,depriving,D,us,U
747,us,U,in,I
748,in,I,many,M
749,many,M,cases,C
750,cases,C,of,O
751,of,O,the,T
752,the,T,benefits,B
753,benefits,B,of,O
754,of,O,trial,T
755,trial,T,by,B
756,by,B,jury,J
757,jury,J,for,F
758,for,F,transporting,T
759,transporting,T,us,U
760,us,U,beyond,B
761,beyond,B,seas,S
762,seas,S,to,T
763,to,T,be,B
764,be,B,tried,T
765,tried,T,for,F
766,for,F,pretended,P
767,pretended,P,offences,O
768,offences,O,for,F
769,for,F,abolishing,A
770,abolishing,A,the,T
771,the,T,free,F
772,free,F,system,S
773,system,S,of,O
774,of,O,english,E
775,english,E,laws,L
776,laws,L,in,I
777,in,I,a,A
778,a,A,neighboring,N
779,neighboring,N,province,P
780,province,P,establishing,E
781,establishing,E,therein,T
782,therein,T,an,A
783,an,A,arbitrary,A
784,arbitrary,A,government,G
785,government,G,and,A
786,and,A,enlarging,E
787,enlarging,E,its,I
788,its,I,boundaries,B
789,boundaries,B,so,S
790,so,S,as,A
791,as,A,to,T
792,to,T,render,R
793,render,R,it,I
794,it,I,at,A
795,at,A,once,O
796,once,O,an,A
797,an,A,example,E
798,example,E,and,A
799,and,A,fit,F
800,fit,F,instrument,I
801,instrument,I,for,F
802,for,F,introducing,I
803,introducing,I,the,T
804,the,T,same,S
805,same,S,absolute,A
806,absolute,A,rule,R
807,rule,R,in,I
808,in,I,these,T
809,these,T,colonies,C
810,colonies,C,for,F
811,for,F,taking,T
812,taking,T,away,A
813,away,A,our,O
814,our,O,charters,C
815,charters,C,abolishing,A
816,abolishing,A,our,O
817,our,O,most,M
818,most,M,valuable,V
819,valuable,V,laws,L
820,laws,L,and,A
821,and,A,altering,A
822,altering,A,fundamentally,F
823,fundamentally,F,the,T
824,the,T,powers,P
825,powers,P,of,O
826,of,O,our,O
827,our,O,governments,G
828,governments,G,for,F
829,for,F,suspending,S
830,suspending,S,our,O
831,our,O,own,O
832,own,O,legislatures,L
833,legislatures,L,and,A
834,and,A,declaring,D
835,declaring,D,themselves,T
836,themselves,T,invested,I
837,invested,I,with,W
838,with,W,power,P
839,power,P,to,T
840,to,T,legislate,L
841,legislate,L,for,F
842,for,F,us,U
843,us,U,in,I
844,in,I,all,A
845,all,A,cases,C
846,cases,C,whatsoever,W
847,whatsoever,W,he,H
848,he,H,has,H
849,has,H,abdicated,A
850,abdicated,A,government,G
851,government,G,here,H
852,here,H,by,B
853,by,B,declaring,D
854,declaring,D,us,U
855,us,U,out,O
856,out,O,of,O
857,of,O,his,H
858,his,H,protection,P
859,protection,P,and,A
860,and,A,waging,W
861,waging,W,war,W
862,war,W,against,A
863,against,A,us,U
864,us,U,he,H
865,he,H,has,H
866,has,H,plundered,P
867,plundered,P,our,O
868,our,O,seas,S
869,seas,S,ravaged,R
870,ravaged,R,our,O
871,our,O,coasts,C
872,coasts,C,burnt,B
873,burnt,B,our,O
874,our,O,towns,T
875,towns,T,and,A
876,and,A,destroyed,D
877,destroyed,D,the,T
878,the,T,lives,L
879,lives,L,of,O
880,of,O,our,O
881,our,O,people,P
882,people,P,he,H
883,he,H,is,I
884,is,I,at,A
885,at,A,this,T
886,this,T,time,T
887,time,T,transporting,T
888,transporting,T,large,L
889,large,L,armies,A
890,armies,A,of,O
891,of,O,foreign,F
892,foreign,F,mercenaries,M
893,mercenaries,M,to,T
894,to,T,complete,C
895,complete,C,the,T
896,the,T,works,W
897,works,W,of,O
898,of,O,death,D
899,death,D,desolation,D
900,desolation,D,and,A
901,and,A,tyranny,T
902,tyranny,T,already,A
903,already,A,begun,B
904,begun,B,with,W
905,with,W,circumstances,C
906,circumstances,C,of,O
907,of,O,cruelty,C
908,cruelty,C,and,A
909,and,A,perfidy,P
910,perfidy,P,scarcely,S
911,scarcely,S,paralleled,P
912,paralleled,P,in,I
913,in,I,the,T
914,the,T,most,M
915,most,M,barbarous,B
916,barbarous,B,ages,A
917,ages,A,and,A
918,and,A,totally,T
919,totally,T,unworthy,U
920,unworthy,U,the,T
921,the,T,head,H
922,head,H,of,O
923,of,O,a,A
924,a,A,civilized,C
925,civilized,C,nation,N
926,nation,N,he,H
927,he,H,has,H
928,has,H,constrained,C
929,constrained,C,our,O
930,our,O,fellowcitizens,F
931,fellow,F,taken,T
932,citizens,C,captive,C
933,taken,T,on,O
934,captive,C,the,T
935,on,O,high,H
936,the,T,seas,S
937,high,H,to,T
938,seas,S,bear,B
939,to,T,arms,A
940,bear,B,against,A
941,arms,A,their,T
942,against,A,country,C
943,their,T,to,T
944,country,C,become,B
945,to,T,the,T
946,become,B,executioners,E
947,the,T,of,O
948,executioners,E,their,T
949,of,O,friends,F
950,their,T,and,A
951,friends,F,brethren,B
952,and,A,or,O
953,brethren,B,to,T
954,or,O,fall,F
955,to,T,themselves,T
956,fall,F,by,B
957,themselves,T,their,T
958,by,B,hands,H
959,their,T,he,H
960,hands,H,has,H
961,he,H,excited,E
962,has,H,domestic,D
963,excited,E,insurrections,I
964,domestic,D,amongst,A
965,insurrections,I,us,U
966,amongst,A,and,A
967,us,U,has,H
968,and,A,endeavored,E
969,has,H,to,T
970,endeavored,E,bring,B
971,to,T,on,O
972,bring,B,the,T
973,on,O,inhabitants,I
974,the,T,of,O
975,inhabitants,I,our,O
976,of,O,frontiers,F
977,our,O,the,T
978,frontiers,F,merciless,M
979,the,T,indian,I
980,merciless,M,savages,S
981,indian,I,whose,W
982,savages,S,known,K
983,whose,W,rule,R
984,known,K,of,O
985,rule,R,warfare,W
986,of,O,is,I
987,warfare,W,an,A
988,is,I,undistinguished,U
989,an,A,destruction,D
990,undistinguished,U,of,O
991,destruction,D,all,A
992,of,O,ages,A
993,all,A,sexes,S
994,ages,A,and,A
995,sexes,S,conditions,C
996,and,A,in,I
997,conditions,C,every,E
998,in,I,stage,S
999,every,E,of,O
1000,stage,S,these,T
1001,of,O,oppressions,O
1002,these,T,we,W
1003,oppressions,O,have,H
1004,we,W,petitioned,P
1005,have,H,for,F
1006,petitioned,P,redress,R
1007,for,F,in,I
1008,redress,R,the,T
1009,in,I,most,M
1010,the,T,humble,H
1011,most,M,terms,T
1012,humble,H,our,O
1013,terms,T,repeated,R
1014,our,O,petitions,P
1015,repeated,R,have,H
1016,petitions,P,been,B
1017,have,H,answered,A
1018,been,B,only,O
1019,answered,A,by,B
1020,only,O,repeated,R
1021,by,B,injury,I
1022,repeated,R,a,A
1023,injury,I,prince,P
1024,a,A,whose,W
1025,prince,P,character,C
1026,whose,W,is,I
1027,character,C,thus,T
1028,is,I,marked,M
1029,thus,T,by,B
1030,marked,M,every,E
1031,by,B,act,A
1032,every,E,which,W
1033,act,A,may,M
1034,which,W,define,D
1035,may,M,a,A
1036,define,D,tyrant,T
1037,a,A,is,I
1038,tyrant,T,unfit,U
1039,is,I,to,T
1040,unfit,U,be,B
1041,to,T,the,T
1042,be,B,ruler,R
1043,the,T,of,O
1044,ruler,R,a,A
1045,of,O,free,F
1046,a,A,people,P
1047,free,F,nor,N
1048,people,P,have,H
1049,nor,N,we,W
1050,have,H,been,B
1051,we,W,wanting,W
1052,been,B,in,I
1053,wanting,W,attention,A
1054,in,I,to,T
1055,attention,A,our,O
1056,to,T,british,B
1057,our,O,brethren,B
1058,british,B,we,W
1059,brethren,B,have,H
1060,we,W,warned,W
1061,have,H,them,T
1062,warned,W,from,F
1063,them,T,time,T
1064,from,F,to,T
1065,time,T,time,T
1066,to,T,of,O
1067,time,T,attempts,A
1068,of,O,made,M
1069,attempts,A,by,B
1070,made,M,their,T
1071,by,B,legislature,L
1072,their,T,to,T
1073,legislature,L,extend,E
1074,to,T,an,A
1075,extend,E,unwarrantable,U
1076,an,A,jurisdiction,J
1077,unwarrantable,U,over,O
1078,jurisdiction,J,us,U
1079,over,O,we,W
1080,us,U,have,H
1081,we,W,reminded,R
1082,have,H,them,T
1083,reminded,R,of,O
1084,them,T,the,T
1085,of,O,circumstances,C
1086,the,T,of,O
1087,circumstances,C,our,O
1088,of,O,emigration,E
1089,our,O,and,A
1090,emigration,E,settlement,S
1091,and,A,here,H
1092,settlement,S,we,W
1093,here,H,have,H
1094,we,W,appealed,A
1095,have,H,to,T
1096,appealed,A,their,T
1097,to,T,native,N
1098,their,T,justice,J
1099,native,N,and,A
1100,justice,J,magnanimity,M
1101,and,A,and,A
1102,magnanimity,M,we,W
1103,and,A,have,H
1104,we,W,conjured,C
1105,have,H,them,T
1106,conjured,C,by,B
1107,them,T,the,T
1108,by,B,ties,T
1109,the,T,of,O
1110,ties,T,our,O
1111,of,O,common,C
1112,our,O,kindred,K
1113,common,C,to,T
1114,kindred,K,disavow,D
1115,to,T,these,T
1116,disavow,D,usurpations,U
1117,these,T,which,W
1118,usurpations,U,would,W
1119,which,W,inevitably,I
1120,would,W,interrupt,I
1121,inevitably,I,our,O
1122,interrupt,I,connection,C
1123,our,O,and,A
1124,connection,C,correspondence,C
1125,and,A,they,T
1126,correspondence,C,too,T
1127,they,T,have,H
1128,too,T,been,B
1129,have,H,deaf,D
1130,been,B,to,T
1131,deaf,D,the,T
1132,to,T,voice,V
1133,the,T,of,O
1134,voice,V,justice,J
1135,of,O,and,A
1136,justice,J,consanguinity,C
1137,and,A,we,W
1138,consanguinity,C,must,M
1139,we,W,therefore,T
1140,must,M,acquiesce,A
1141,therefore,T,in,I
1142,acquiesce,A,the,T
1143,in,I,necessity,N
1144,the,T,which,W
1145,necessity,N,denounces,D
1146,which,W,our,O
1147,denounces,D,separation,S
1148,our,O,and,A
1149,separation,S,hold,H
1150,and,A,them,T
1151,hold,H,as,A
1152,them,T,we,W
1153,as,A,hold,H
1154,we,W,the,T
1155,hold,H,rest,R
1156,the,T,of,O
1157,rest,R,mankind,M
1158,of,O,enemies,E
1159,mankind,M,in,I
1160,enemies,E,war,W
1161,in,I,in,I
1162,war,W,peace,P
1163,in,I,friends,F
1164,peace,P,we,W
1165,friends,F,therefore,T
1166,we,W,the,T
1167,therefore,T,representatives,R
1168,the,T,of,O
1169,representatives,R,the,T
1170,of,O,united,U
1171,the,T,states,S
1172,united,U,of,O
1173,states,S,america,A
1174,of,O,in,I
1175,america,A,general,G
1176,in,I,congress,C
1177,general,G,assembled,A
1178,congress,C,appealing,A
1179,assembled,A,to,T
1180,appealing,A,the,T
1181,to,T,supreme,S
1182,the,T,judge,J
1183,supreme,S,of,O
1184,judge,J,the,T
1185,of,O,world,W
1186,the,T,for,F
1187,world,W,the,T
1188,for,F,rectitude,R
1189,the,T,of,O
1190,rectitude,R,our,O
1191,of,O,intentions,I
1192,our,O,do,D
1193,intentions,I,in,I
1194,do,D,the,T
1195,in,I,name,N
1196,the,T,and,A
1197,name,N,by,B
1198,and,A,the,T
1199,by,B,authority,A
1200,the,T,of,O
1201,authority,A,the,T
1202,of,O,good,G
1203,the,T,people,P
1204,good,G,of,O
1205,people,P,these,T
1206,of,O,colonies,C
1207,these,T,solemnly,S
1208,colonies,C,publish,P
1209,solemnly,S,and,A
1210,publish,P,declare,D
1211,and,A,that,T
1212,declare,D,these,T
1213,that,T,united,U
1214,these,T,colonies,C
1215,united,U,are,A
1216,colonies,C,and,A
1217,are,A,of,O
1218,and,A,right,R
1219,of,O,ought,O
1220,right,R,to,T
1221,ought,O,be,B
1222,to,T,free,F
1223,be,B,and,A
1224,free,F,independent,I
1225,and,A,states,S
1226,independent,I,that,T
1227,states,S,they,T
1228,that,T,are,A
1229,they,T,absolved,A
1230,are,A,from,F
1231,absolved,A,all,A
1232,from,F,allegiance,A
1233,all,A,to,T
1234,allegiance,A,the,T
1235,to,T,british,B
1236,the,T,crown,C
1237,british,B,and,A
1238,crown,C,that,T
1239,and,A,all,A
1240,that,T,political,P
1241,all,A,connection,C
1242,political,P,between,B
1243,connection,C,them,T
1244,between,B,and,A
1245,them,T,the,T
1246,and,A,state,S
1247,the,T,of,O
1248,state,S,great,G
1249,of,O,britain,B
1250,great,G,is,I
1251,britain,B,and,A
1252,is,I,ought,O
1253,and,A,to,T
1254,ought,O,be,B
1255,to,T,totally,T
1256,be,B,dissolved,D
1257,totally,T,and,A
1258,dissolved,D,that,T
1259,and,A,as,A
1260,that,T,free,F
1261,as,A,and,A
1262,free,F,independent,I
1263,and,A,states,S
1264,independent,I,they,T
1265,states,S,have,H
1266,they,T,full,F
1267,have,H,power,P
1268,full,F,to,T
1269,power,P,levy,L
1270,to,T,war,W
1271,levy,L,conclude,C
1272,war,W,peace,P
1273,conclude,C,contract,C
1274,peace,P,alliances,A
1275,contract,C,establish,E
1276,alliances,A,commerce,C
1277,establish,E,and,A
1278,commerce,C,to,T
1279,and,A,do,D
1280,to,T,all,A
1281,do,D,other,O
1282,all,A,acts,A
1283,other,O,and,A
1284,acts,A,things,T
1285,and,A,which,W
1286,things,T,independent,I
1287,which,W,states,S
1288,independent,I,may,M
1289,states,S,of,O
1290,may,M,right,R
1291,of,O,do,D
1292,right,R,and,A
1293,do,D,for,F
1294,and,A,the,T
1295,for,F,support,S
1296,the,T,of,O
1297,support,S,this,T
1298,of,O,declaration,D
1299,this,T,with,W
1300,declaration,D,a,A
1301,with,W,firm,F
1302,a,A,reliance,R
1303,firm,F,on,O
1304,reliance,R,the,T
1305,on,O,protection,P
1306,the,T,of,O
1307,protection,P,divine,D
1308,of,O,providence,P
1309,divine,D,we,W
1310,providence,P,mutually,M
1311,we,W,pledge,P
1312,mutually,M,to,T
1313,pledge,P,each,E
1314,to,T,other,O
1315,each,E,our,O
1316,other,O,lives,L
1317,our,O,our,O
1318,lives,L,fortunes,F
1319,our,O,and,A
1320,fortunes,F,our,O
1321,and,A,sacred,S
1322,our,O,honor,H
1323,sacred,S,,
1324,honor,H,,
