n,initial
1,W
2,I
3,T
4,C
5,O
6,H
7,E
8,I
9,B
10,N
11,F
12,O
13,P
14,T
15,D
16,T
17,P
18,B
19,W
20,H
21,C
22,T
23,W
24,A
25,A
26,T
27,A
28,A
29,T
30,P
31,O
32,T
33,E
34,T
35,S
36,A
37,E
38,S
39,T
40,W
41,T
42,L
43,O
44,N
45,A
46,O
47,N
48,G
49,E
50,T
51,A
52,D
53,R
54,T
55,T
56,O
57,O
58,M
59,R
60,T
61,T
62,S
63,D
64,T
65,C
66,W
67,I
68,T
69,T
70,T
71,S
72,W
73,H
74,T
75,T
76,T
77,B
78,S
79,E
80,T
81,A
82,M
83,A
84,C
85,E
86,T
87,T
88,A
89,E
90,B
91,T
92,C
93,W
94,C
95,U
96,R
97,T
98,A
99,T
100,A
101,L
102,L
103,A
104,T
105,P
106,O
107,H
108,T
109,T
110,S
111,T
112,R
113,G
114,A
115,I
116,A
117,M
118,D
119,T
120,J
121,P
122,F
123,T
124,C
125,O
126,T
127,G
128,T
129,W
130,A
131,F
132,O
133,G
134,B
135,D
136,O
137,T
138,E
139,I
140,I
141,T
142,R
143,O
144,T
145,P
146,T
147,A
148,O
149,T
150,A
151,I
152,A
153,T
154,I
155,N
156,G
157,L
158,I
159,F
160,O
161,S
162,P
163,A
164,O
165,I
166,P
167,I
168,S
169,F
170,A
171,T
172,T
173,S
174,S
175,M
176,L
177,T
178,E
179,T
180,S
181,A
182,H
183,P
184,I
185,W
186,D
187,T
188,G
189,L
190,E
191,S
192,N
193,B
194,C
195,F
196,L
197,A
198,T
199,C
200,A
201,A
202,A
203,E
204,H
205,S
206,T
207,M
208,A
209,M
210,D
211,T
212,S
213,W
214,E
215,A
216,S
217,T
218,T
219,R
220,T
221,B
222,A
223,T
224,F
225,T
226,W
227,T
228,A
229,A
230,B
231,W
232,A
233,L
234,T
235,O
236,A
237,A
238,U
239,P
240,I
241,T
242,S
243,O
244,E
245,A
246,D
247,T
248,R
249,T
250,U
251,A
252,D
253,I
254,I
255,T
256,R
257,I
258,I
259,T
260,D
261,T
262,T
263,O
264,S
265,G
266,A
267,T
268,P
269,N
270,G
271,F
272,T
273,F
274,S
275,S
276,H
277,B
278,T
279,P
280,S
281,O
282,T
283,C
284,A
285,S
286,I
287,N
288,T
289,N
290,W
291,C
292,T
293,T
294,A
295,T
296,F
297,S
298,O
299,G
300,T
301,H
302,O
303,T
304,P
305,K
306,O
307,G
308,B
309,I
310,A
311,H
312,O
313,R
314,I
315,A
316,U
317,A
318,H
319,I
320,D
321,O
322,T
323,E
324,O
325,A
326,A
327,T
328,O
329,T
330,S
331,T
332,P
333,T
334,L
335,F
336,B
337,S
338,T
339,A
340,C
341,W
342,H
343,H
344,R
345,H
346,A
347,T
348,L
349,T
350,M
351,W
352,A
353,N
354,F
355,T
356,P
357,G
358,H
359,H
360,F
361,H
362,G
363,T
364,P
365,L
366,O
367,I
368,A
369,P
370,I
371,U
372,S
373,I
374,T
375,O
376,T
377,H
378,A
379,S
380,B
381,O
382,A
383,W
384,S
385,S
386,H
387,H
388,U
389,N
390,T
391,A
392,T
393,T
394,H
395,H
396,R
397,T
398,P
399,O
400,L
401,F
402,T
403,A
404,O
405,L
406,D
407,O
408,P
409,U
410,T
411,P
412,W
413,R
414,T
415,R
416,O
417,R
418,I
419,T
420,L
421,A
422,R
423,I
424,T
425,T
426,A
427,F
428,T
429,T
430,O
431,H
432,H
433,C
434,T
435,L
436,B
437,A
438,P
439,U
440,U
441,A
442,D
443,F
444,T
445,D
446,O
447,T
448,P
449,R
450,F
451,T
452,S
453,P
454,O
455,F
456,T
457,I
458,C
459,W
460,H
461,M
462,H
463,H
464,D
465,R
466,H
467,R
468,F
469,O
470,W
471,M
472,F
473,H
474,I
475,O
476,T
477,R
478,O
479,T
480,P
481,H
482,H
483,R
484,F
485,A
486,L
487,T
488,A
489,S
490,D
491,T
492,C
493,O
494,T
495,B
496,E
497,W
498,T
499,L
500,P
501,I
502,O
503,A
504,H
505,R
506,T
507,T
508,P
509,A
510,L
511,F
512,T
513,E
514,T
515,S
516,R
517,I
518,T
519,M
520,E
521,T
522,A
523,T
524,D
525,O
526,T
527,F
528,W
529,A
530,C
531,W
532,H
533,H
534,E
535,T
536,P
537,T
538,P
539,O
540,T
541,S
542,F
543,T
544,P
545,O
546,T
547,L
548,F
549,N
550,O
551,F
552,R
553,T
554,P
555,O
556,T
557,E
558,T
559,M
560,H
561,A
562,R
563,T
564,C
565,O
566,N
567,A
568,O
569,L
570,H
571,H
572,O
573,T
574,A
575,O
576,J
577,B
578,R
579,H
580,A
581,T
582,L
583,F
584,E
585,J
586,P
587,H
588,H
589,M
590,J
591,D
592,O
593,H
594,W
595,A
596,F
597,T
598,T
599,O
600,T
601,O
602,A
603,T
604,A
605,A
606,P
607,O
608,T
609,S
610,H
611,H
612,E
613,A
614,M
615,O
616,N
617,O
618,A
619,S
620,H
621,S
622,O
623,O
624,T
625,H
626,O
627,P
628,A
629,E
630,O
631,T
632,S
633,H
634,H
635,K
636,A
637,U
638,I
639,T
640,O
641,P
642,S
643,A
644,W
645,T
646,C
647,O
648,O
649,L
650,H
651,H
652,A
653,T
654,R
655,T
656,M
657,I
658,O
659,A
660,S
661,T
662,T
663,C
664,P
665,H
666,H
667,C
668,W
669,O
670,T
671,S
672,U
673,T
674,A
675,J
676,F
677,T
678,O
679,C
680,A
681,U
682,B
683,O
684,L
685,G
686,H
687,A
688,T
689,T
690,A
691,O
692,P
693,L
694,F
695,Q
696,L
697,B
698,O
699,A
700,T
701,A
702,U
703,F
704,P
705,T
706,B
707,A
708,M
709,T
710,T
711,P
712,F
713,A
714,M
715,W
716,T
717,S
718,C
719,O
720,T
721,I
722,O
723,T
724,S
725,F
726,C
727,O
728,O
729,T
730,W
731,A
732,P
733,O
734,T
735,W
736,F
737,I
738,T
739,O
740,U
741,W
742,O
743,C
744,F
745,D
746,U
747,I
748,M
749,C
750,O
751,T
752,B
753,O
754,T
755,B
756,J
757,F
758,T
759,U
760,B
761,S
762,T
763,B
764,T
765,F
766,P
767,O
768,F
769,A
770,T
771,F
772,S
773,O
774,E
775,L
776,I
777,A
778,N
779,P
780,E
781,T
782,A
783,A
784,G
785,A
786,E
787,I
788,B
789,S
790,A
791,T
792,R
793,I
794,A
795,O
796,A
797,E
798,A
799,F
800,I
801,F
802,I
803,T
804,S
805,A
806,R
807,I
808,T
809,C
810,F
811,T
812,A
813,O
814,C
815,A
816,O
817,M
818,V
819,L
820,A
821,A
822,Y
823,T
824,F
825,O
826,O
827,G
828,F
829,S
830,O
831,O
832,L
833,A
834,D
835,T
836,I
837,W
838,P
839,T
840,L
841,F
842,U
843,I
844,A
845,C
846,W
847,H
848,H
849,A
850,G
851,H
852,B
853,D
854,U
855,O
856,O
857,H
858,P
859,A
860,W
861,W
862,A
863,U
864,H
865,H
866,P
867,O
868,S
869,R
870,O
871,C
872,B
873,O
874,T
875,A
876,D
877,T
878,L
879,O
880,O
881,P
882,H
883,I
884,A
885,T
886,T
887,T
888,L
889,A
890,O
891,F
892,M
893,T
894,C
895,T
896,W
897,O
898,D
899,D
900,A
901,T
902,A
903,B
904,W
905,C
906,O
907,C
908,A
909,P
910,S
911,P
912,I
913,T
914,M
915,B
916,A
917,A
918,T
919,U
920,I
921,H
922,O
923,A
924,C
925,N
926,H
927,H
928,C
929,O
930,F
931,C
932,T
933,C
934,O
935,T
936,H
937,S
938,T
939,B
940,A
941,A
942,T
943,C
944,T
945,B
946,T
947,E
948,O
949,T
950,F
951,A
952,B
953,O
954,T
955,F
956,T
957,B
958,T
959,H
960,H
961,H
962,E
963,D
964,I
965,A
966,U
967,A
968,H
969,E
970,T
971,B
972,O
973,T
974,I
975,O
976,O
977,F
978,T
979,M
980,I
981,S
982,W
983,K
984,R
985,O
986,W
987,I
988,A
989,U
990,D
991,O
992,A
993,A
994,X
995,A
996,C
997,I
998,E
999,S
1000,O
1001,T
1002,O
1003,W
1004,H
1005,P
1006,F
1007,R
1008,I
1009,T
1010,M
1011,H
1012,T
1013,O
1014,R
1015,P
1016,H
1017,B
1018,A
1019,O
1020,B
1021,R
1022,I
1023,A
1024,P
1025,W
1026,C
1027,I
1028,T
1029,M
1030,B
1031,E
1032,A
1033,W
1034,M
1035,D
1036,A
1037,T
1038,I
1039,U
1040,T
1041,B
1042,T
1043,R
1044,O
1045,A
1046,F
1047,P
1048,N
1049,H
1050,W
1051,B
1052,W
1053,I
1054,A
1055,T
1056,O
1057,B
1058,B
1059,W
1060,H
1061,W
1062,T
1063,F
1064,T
1065,T
1066,T
1067,O
1068,A
1069,B
1070,T
1071,L
1072,T
1073,E
1074,A
1075,U
1076,J
1077,O
1078,U
1079,W
1080,H
1081,R
1082,T
1083,O
1084,T
1085,C
1086,O
1087,O
1088,E
1089,A
1090,S
1091,H
1092,W
1093,H
1094,A
1095,T
1096,T
1097,N
1098,J
1099,A
1100,M
1101,A
1102,W
1103,H
1104,C
1105,T
1106,B
1107,T
1108,T
1109,O
1110,O
1111,C
1112,K
1113,T
1114,D
1115,T
1116,U
1117,W
1118,W
1119,I
1120,I
1121,O
1122,C
1123,A
1124,C
1125,T
1126,T
1127,H
1128,B
1129,D
1130,T
1131,T
1132,V
1133,O
1134,J
1135,A
1136,O
1137,C
1138,W
1139,M
1140,T
1141,A
1142,I
1143,T
1144,N
1145,W
1146,D
1147,O
1148,S
1149,A
1150,H
1151,T
1152,A
1153,W
1154,H
1155,T
1156,R
1157,O
1158,M
1159,E
1160,I
1161,W
1162,I
1163,P
1164,F
1165,W
1166,T
1167,T
1168,R
1169,O
1170,T
1171,U
1172,S
1173,O
1174,A
1175,I
1176,G
1177,C
1178,A
1179,A
1180,T
1181,T
1182,S
1183,J
1184,O
1185,T
1186,W
1187,F
1188,T
1189,R
1190,O
1191,O
1192,I
1193,D
1194,I
1195,T
1196,N
1197,A
1198,B
1199,A
1200,O
1201,T
1202,G
1203,P
1204,O
1205,T
1206,C
1207,S
1208,P
1209,A
1210,D
1211,T
1212,T
1213,U
1214,C
1215,A
1216,A
1217,O
1218,R
1219,O
1220,T
1221,B
1222,F
1223,A
1224,I
1225,S
1226,T
1227,T
1228,A
1229,A
1230,F
1231,A
1232,A
1233,T
1234,T
1235,B
1236,C
1237,A
1238,T
1239,A
1240,P
1241,C
1242,B
1243,T
1244,A
1245,T
1246,S
1247,O
1248,G
1249,B
1250,I
1251,A
1252,O
1253,T
1254,B
1255,T
1256,D
1257,A
1258,T
1259,A
1260,F
1261,A
1262,I
1263,S
1264,T
1265,H
1266,F
1267,P
1268,T
1269,L
1270,W
1271,C
1272,P
1273,C
1274,A
1275,E
1276,C
1277,A
1278,T
1279,D
1280,A
1281,O
1282,A
1283,A
1284,T
1285,W
1286,I
1287,S
1288,M
1289,O
1290,R
1291,D
1292,A
1293,F
1294,T
1295,S
1296,O
1297,T
1298,D
1299,W
1300,I
1301,F
1302,R
1303,O
1304,T
1305,P
1306,O
1307,D
1308,M
1309,W
1310,M
1311,P
1312,T
1313,E
1314,O
1315,O
1316,L
1317,O
1318,F
1319,A
1320,O
1321,S
1322,H
