Jefferson/03-02-02-0121	Gordon, Trokes &amp; Company to Thomas Jefferson, 17 January 1810
Jefferson/03-02-02-0122	Thomas Jefferson to George Jefferson, 17 January 1810
Jefferson/03-02-02-0123	William Wirt to Thomas Jefferson, 18 January 1810
Jefferson/03-02-02-0124	ERR HTTP Error 404: NOT FOUND
Jefferson/03-02-02-0125	Resolutions of the Orleans Territorial Legislature, [19 Januar …
Jefferson/03-02-02-0126	Thomas Jefferson to Thomas Ritchie, 19 January 1810
Jefferson/03-02-02-0127	David Bailie Warden to Thomas Jefferson, 19 January 1810
Jefferson/03-02-02-0128	Pierre Samuel Du Pont de Nemours to Thomas Jefferson, 20 Janua …
Jefferson/03-02-02-0129	William Jarvis to Thomas Jefferson, 20 January 1810
Jefferson/03-02-02-0130	Thomas Jefferson to Thomas Main, 20 January 1810
Jefferson/03-02-02-0131	Thomas Jefferson to Jesse Perry, 20 January 1810
Jefferson/03-02-02-0132	Thomas Jefferson to John M. Perry, 20 January 1810, with Notes …
Jefferson/03-02-02-0133	John Wayles Eppes to Thomas Jefferson, 21 January 1810
Jefferson/03-02-02-0134	Thomas Jefferson to Thomas T. Hewson, 21 January 1810
Jefferson/03-02-02-0135	John Wood to Thomas Jefferson, 21 January 1810
Jefferson/03-02-02-0136	Samuel Knox to Thomas Jefferson, 22 January 1810
Jefferson/03-02-02-0137	Thomas Jefferson to Jonathan &amp; Thomas Foster, 23 January 1810
Jefferson/03-02-02-0138	Thomas Jefferson to Erastus Granger, 23 January 1810
Jefferson/03-02-02-0139	Thomas Jefferson to Paul Hamilton, 23 January 1810
Jefferson/03-02-02-0140	Thomas Jefferson to Joel Barlow, 24 January 1810
Jefferson/03-02-02-0141	William C. C. Claiborne to Thomas Jefferson, 24 January 1810
Jefferson/03-02-02-0142	Thomas Jefferson to Gideon Granger, 24 January 1810
Jefferson/03-02-02-0143	James Lyle to Thomas Jefferson, 24 January 1810
Jefferson/03-02-02-0144	John Barnes to Thomas Jefferson, 25 January 1810
Jefferson/03-02-02-0145	Thomas Jefferson to John Garland Jefferson, 25 January 1810
Jefferson/03-02-02-0146	Thomas Jefferson to John Wayles Eppes, 26 January 1810
Jefferson/03-02-02-0147	ERR HTTP Error 404: NOT FOUND
Jefferson/03-02-02-0148	Thomas Jefferson to David Campbell, 28 January 1810
Jefferson/03-02-02-0149	Thomas Jefferson to John Barnes, 29 January 1810
Jefferson/03-02-02-0150	Richard Barry to Thomas Jefferson, 29 January 1810
Jefferson/03-02-02-0151	John H. Woodward to Thomas Jefferson, 29 January 1810
Jefferson/03-02-02-0152	Caesar A. Rodney to Thomas Jefferson, 31 January 1810
Jefferson/03-02-02-0153	Gilbert C. Russell to Thomas Jefferson, 31 January 1810
Jefferson/03-02-02-0154	William C. C. Claiborne to Thomas Jefferson, 1 February 1810
Jefferson/03-02-02-0155	Joseph Milligan to Thomas Jefferson, 3 February 1810
Jefferson/03-02-02-0156	Wilson Cary Nicholas to Thomas Jefferson, 4 February 1810
Jefferson/03-02-02-0157	William G. D. Worthington to Thomas Jefferson, 4 [February?] 1 …
Jefferson/03-02-02-0158	Thomas Jefferson to John Hollins, 5 February 1810
Jefferson/03-02-02-0159	John Breck Treat to Thomas Jefferson, 5 February 1810
Jefferson/03-02-02-0160	Eli Alexander to Thomas Jefferson, 6 February 1810
Jefferson/03-02-02-0161	Thomas Jefferson to Jonathan Shoemaker, 6 February 1810
Jefferson/03-02-02-0162	Thomas Jefferson to Eli Alexander, 7 February 1810
Jefferson/03-02-02-0163	William Short to Thomas Jefferson, 7 February 1810
Jefferson/03-02-02-0164	John Winn to Thomas Jefferson, 7 February 1810
Jefferson/03-02-02-0165	Mary Ann Archbald to Thomas Jefferson, 8 February 1810
Jefferson/03-02-02-0166	Isaac A. Coles to Thomas Jefferson, 8 February 1810
Jefferson/03-02-02-0167	William O. Allen to Thomas Jefferson, 9 February 1810
Jefferson/03-02-02-0168	John Hollins to Thomas Jefferson, 9 February 1810
Jefferson/03-02-02-0169	Elizabeth Eppes to Thomas Jefferson, 10 February 1810
Jefferson/03-02-02-0170	Thomas Jefferson to John Harvie, 10 February 1810
Jefferson/03-02-02-0171	John Pernier to Thomas Jefferson, 10 February 1810
Jefferson/03-02-02-0172	Thomas Jefferson to Caesar A. Rodney, 10 February 1810
Jefferson/03-02-02-0173	François Xavier Martin to Thomas Jefferson, 11 February 1810
Jefferson/03-02-02-0174	Thomas Jefferson to Eli Alexander, 12 February 1810
Jefferson/03-02-02-0175	Eli Alexander to Thomas Jefferson, 12 February 1810
Jefferson/03-02-02-0176	Joshua Gilpin to Thomas Jefferson, 12 February 1810
Jefferson/03-02-02-0177	Thomas Jefferson to Samuel Knox, 12 February 1810
Jefferson/03-02-02-0178	Thomas Jefferson to James Lyle, 12 February 1810
Jefferson/03-02-02-0179	Lemuel J. Alston to Thomas Jefferson, 13 February 1810
Jefferson/03-02-02-0180	John Barnes to Thomas Jefferson, 14 February 1810
Jefferson/03-02-02-0181	E. Howard to Thomas Jefferson, 14 February 1810
Jefferson/03-02-02-0182	John Adlum to Thomas Jefferson, 15 February 1810
Jefferson/03-02-02-0183	William A. Burwell to Thomas Jefferson, 16 February 1810
Jefferson/03-02-02-0184	Thomas Jefferson to Edward Coles, 16 February 1810
Jefferson/03-02-02-0185	Thomas Jefferson to John Hollins, 16 February 1810
Jefferson/03-02-02-0186	Thomas Jefferson to John Breck Treat, 16 February 1810
Jefferson/03-02-02-0187	Thomas Jefferson’s Agreement with John Harvie, 17 February 1810
Jefferson/03-02-02-0188	Thomas Jefferson’s Notes on Agreement with John Harvie, [ca. 1 …
Jefferson/03-02-02-0189	Thomas Jefferson’s Quitclaim to John Harvie, 18 February 1810
Jefferson/03-02-02-0190	Thomas Jefferson to Charles Johnston, 18 February 1810
Jefferson/03-02-02-0191	John Langdon to Thomas Jefferson, 18 February 1810
Jefferson/03-02-02-0192	Thomas Jefferson to James Martin, 18 February 1810
Jefferson/03-02-02-0193	William Jarvis to Thomas Jefferson, 19 February 1810
Jefferson/03-02-02-0194	George Jefferson to Thomas Jefferson, 19 February 1810
Jefferson/03-02-02-0195	Walter Jones to Thomas Jefferson, 19 February 1810
Jefferson/03-02-02-0196	Thomas Mann Randolph and Martha Jefferson Randolph’s Conveyanc …
Jefferson/03-02-02-0197	ERR HTTP Error 404: NOT FOUND
Jefferson/03-02-02-0198	William B. W. Allone to Thomas Jefferson, 20 February 1810
Jefferson/03-02-02-0199	William Dickson to Thomas Jefferson, 20 February 1810
Jefferson/03-02-02-0200	Lafayette to Thomas Jefferson, 20 February 1810
Jefferson/03-02-02-0201	George W. Erving to Thomas Jefferson, 21 February 1810
Jefferson/03-02-02-0202	Elias Glover to Thomas Jefferson, 22 February 1810
Jefferson/03-02-02-0203	Robert Fulton to Thomas Jefferson, 24 February 1810
Jefferson/03-02-02-0204	Thomas Jefferson to William G. D. Worthington, 24 February 1810
Jefferson/03-02-02-0205	Thomas Jefferson to Lemuel J. Alston, 25 February 1810
Jefferson/03-02-02-0206	Thomas Jefferson to William A. Burwell, 25 February 1810
Jefferson/03-02-02-0207	ERR HTTP Error 404: NOT FOUND
Jefferson/03-02-02-0208	Thomas Jefferson to Archibald Thweatt, 25 February 1810
Jefferson/03-02-02-0209	Thomas Jefferson to John Barnes, 26 February 1810
Jefferson/03-02-02-0210	Thomas Jefferson to John Graham, 26 February 1810
Jefferson/03-02-02-0211	Thomas Jefferson to Tadeusz Kosciuszko, 26 February 1810
Jefferson/03-02-02-0212	John Mitchell to Thomas Jefferson, 26 February 1810
Jefferson/03-02-02-0213	"Abbe Salemankis" to Thomas Jefferson, 27 February 1810
Jefferson/03-02-02-0214	John B. Colvin to Thomas Jefferson, 28 February 1810
Jefferson/03-02-02-0215	Thomas Jefferson to Joseph Milligan, 28 February 1810
Jefferson/03-02-02-0216	Thomas Jefferson to Elizabeth Trist, 28 February 1810
Jefferson/03-02-02-0217	Trustees of the Lottery for East Tennessee College to Thomas J …
Jefferson/03-02-02-0218	John Graham to Thomas Jefferson, 1 March 1810
Jefferson/03-02-02-0219	Gideon Granger to Thomas Jefferson, 1 March 1810
Jefferson/03-02-02-0220	Jonathan Shoemaker to Thomas Jefferson, [ca. 1 March 1810]
Jefferson/03-02-02-0221	Thomas Jefferson to Philip Grymes, 3 March 1810
Jefferson/03-02-02-0222	James Ronaldson to Thomas Jefferson, 4 March 1810
Jefferson/03-02-02-0223	Thomas Jefferson to Walter Jones, 5 March 1810
Jefferson/03-02-02-0224	Thomas Jefferson to John Langdon, 5 March 1810
Jefferson/03-02-02-0225	Thomas Jefferson’s Memorandum on Lease to Eli Alexander, [ca. …
Jefferson/03-02-02-0226	Thomas Jefferson and Eli Alexander to William D. Meriwether an …
Jefferson/03-02-02-0227	William D. Meriwether to Thomas Jefferson, 7 March 1810
Jefferson/03-02-02-0228	Thomas Jefferson to John Mitchell, 7 March 1810
Jefferson/03-02-02-0229	James Monroe to Thomas Jefferson, 7 March 1810
Jefferson/03-02-02-0230	Elizabeth Trist to Thomas Jefferson, 7 March 1810
Jefferson/03-02-02-0231	Martin Dawson and William D. Meriwether to Thomas Jefferson, 8 …
Jefferson/03-02-02-0232	Opinion of William D. Meriwether and Martin Dawson, 8 March 1810
Jefferson/03-02-02-0233	Lafayette to Thomas Jefferson, 10 March 1810
Jefferson/03-02-02-0234	James Runciman to Thomas Jefferson, 10 March 1810
Jefferson/03-02-02-0235	Thomas Jefferson to John B. Colvin, 11 March 1810
Jefferson/03-02-02-0236	Mary Lewis to Thomas Jefferson, 11 March 1810
Jefferson/03-02-02-0237	George Jefferson to Thomas Jefferson, 12 March 1810
Jefferson/03-02-02-0238	John Adlum to Thomas Jefferson, 13 March 1810
Jefferson/03-02-02-0239	Thomas Jefferson to William D. Meriwether, 14 March 1810
Jefferson/03-02-02-0240	William D. Meriwether to Thomas Jefferson, [14 March 1810]
Jefferson/03-02-02-0241	Thomas Jefferson to Thomas Jefferson Randolph, 14 March 1810
Jefferson/03-02-02-0242	Thomas Jefferson to "Abbe Salemankis," 14 March 1810
Jefferson/03-02-02-0243	Thomas Jefferson to Joshua Gilpin, 15 March 1810
Jefferson/03-02-02-0244	Thomas Jefferson to Stephen W. Johnson, 15 March 1810
Jefferson/03-02-02-0245	ERR HTTP Error 404: NOT FOUND
Jefferson/03-02-02-0246	Thomas Jefferson to Thomas Ritchie, 15 March 1810
Jefferson/03-02-02-0247	Jonathan Shoemaker to Thomas Jefferson, [received 15 March 1810]
Jefferson/03-02-02-0248	George Jefferson to Thomas Jefferson, 16 March 1810
Jefferson/03-02-02-0249	Thomas Jefferson to Robert Fulton, 17 March 1810
Jefferson/03-02-02-0250	Thomas Jefferson to William Johnson, 17 March 1810
Jefferson/03-02-02-0251	ERR HTTP Error 404: NOT FOUND
Jefferson/03-02-02-0252	John Hollins to Thomas Jefferson, 18 March 1810
Jefferson/03-02-02-0253	Alexander Macaulay to Thomas Jefferson, 18 March 1810
Jefferson/03-02-02-0254	George Richardson to Thomas Jefferson, 18 March 1810
Jefferson/03-02-02-0255	George Jefferson to Thomas Jefferson, 19 March 1810
Jefferson/03-02-02-0256	Samuel H. Saunders to Thomas Jefferson, 20 March 1810
Jefferson/03-02-02-0257	André Thoüin to Thomas Jefferson, 20 March 1810
Jefferson/03-02-02-0258	Lydia R. Bailey to Thomas Jefferson, 22 March 1810
Jefferson/03-02-02-0259	Lafayette to Thomas Jefferson, 24 March 1810
Jefferson/03-02-02-0260	Madame de Tessé to Thomas Jefferson, 24 March 1810
Jefferson/03-02-02-0261	Thomas Jefferson to James Madison, 25 March 1810
Jefferson/03-02-02-0262	Thomas Jefferson’s Receipt to Jonathan Shoemaker, 25 March 1810
Jefferson/03-02-02-0263	Thomas Jefferson to William Wirt, 25 March 1810
Jefferson/03-02-02-0264	George Jefferson to Thomas Jefferson, 26 March 1810
Jefferson/03-02-02-0265	Thomas Jefferson to Alexander Macaulay, 26 March 1810
Jefferson/03-02-02-0266	Thomas Jefferson to John Le Tellier, 27 March 1810
Jefferson/03-02-02-0267	ERR HTTP Error 404: NOT FOUND
Jefferson/03-02-02-0268	Oliver Whipple to Thomas Jefferson, 29 March 1810
Jefferson/03-02-02-0269	William W. Woodward to Thomas Jefferson, 30 March 1810
Jefferson/03-02-02-0270	Thomas Jefferson to Christopher Clark, 1 April 1810
Jefferson/03-02-02-0271	Thomas S. McCleland to Thomas Jefferson, 1 April 1810
Jefferson/03-02-02-0272	John Wayles Eppes to Thomas Jefferson, 2 April 1810
Jefferson/03-02-02-0273	Thomas Jefferson to Thomas S. McCleland, 2 April 1810
Jefferson/03-02-02-0274	James Madison to Thomas Jefferson, 2 April 1810
Jefferson/03-02-02-0275	Samuel J. Harrison to Thomas Jefferson, 3 April 1810
Jefferson/03-02-02-0276	Thomas Jefferson to Christopher Clark, 4 April 1810
Jefferson/03-02-02-0277	Christopher Clark to Thomas Jefferson, [4 April 1810]
Jefferson/03-02-02-0278	Thomas Jefferson to Jones &amp; Howell, 7 April 1810
Jefferson/03-02-02-0279	Thomas Jefferson to John Hollins, 8 April 1810
Jefferson/03-02-02-0280	Thomas Jefferson to Samuel J. Harrison, 9 April 1810
Jefferson/03-02-02-0281	John Adlum to Thomas Jefferson, 10 April 1810
Jefferson/03-02-02-0282	Pierre Samuel Du Pont de Nemours to Thomas Jefferson, 10 April …
Jefferson/03-02-02-0283	C. &amp; A. Conrad &amp; Company to Thomas Jefferson, [received 15 Apr …
Jefferson/03-02-02-0284	Thomas Jefferson to Robert Fulton, 16 April 1810
Jefferson/03-02-02-0285	Thomas Jefferson to James Madison, 16 April 1810
Jefferson/03-02-02-0286	Thomas Jefferson to Wilson Cary Nicholas, 16 April 1810
Jefferson/03-02-02-0287	Thomas Jefferson to Thomas Jefferson Randolph, 16 April 1810
Jefferson/03-02-02-0288	Thomas Jefferson to Henry Skipwith, 17 April 1810
Jefferson/03-02-02-0289	Thomas Jefferson to Lydia R. Bailey, 18 April 1810
Jefferson/03-02-02-0290	Thomas Jefferson to Gilbert C. Russell, 18 April 1810
Jefferson/03-02-02-0291	Thomas Jefferson to William W. Woodward, 18 April 1810
Jefferson/03-02-02-0292	William Lambert to Thomas Jefferson, 19 April 1810
Jefferson/03-02-02-0293	Thomas Jefferson to John Adlum, 20 April 1810
Jefferson/03-02-02-0294	Thomas Jefferson to William O. Allen, 20 April 1810
Jefferson/03-02-02-0295	Thomas Jefferson to William Dickson, 20 April 1810
Jefferson/03-02-02-0296	ERR <urlopen error [Errno 104] Connection reset by peer>
Jefferson/03-02-02-0297	John Hollins to Thomas Jefferson, 22 April 1810
Jefferson/03-02-02-0298	Thomas Jefferson to Jonathan Shoemaker, 22 April 1810
Jefferson/03-02-02-0299	Archibald Fisher to Thomas Jefferson, 23 April 1810
Jefferson/03-02-02-0300	James Madison to Thomas Jefferson, 23 April 1810
Jefferson/03-02-02-0301	Thomas Jefferson to Richard Barry, 27 April 1810
Jefferson/03-02-02-0302	John Harvie to Thomas Jefferson, 27 April 1810
Jefferson/03-02-02-0303	William Plumer to Thomas Jefferson, 27 April 1810
Jefferson/03-02-02-0304	William W. Woodward to Thomas Jefferson, 27 April 1810
Jefferson/03-02-02-0305	Littleton W. Tazewell to Thomas Jefferson, 29 April 1810
Jefferson/03-02-02-0306	William Pinkney to Thomas Jefferson, 30 April 1810
Jefferson/03-02-02-0307	Thomas B. Robertson to Thomas Jefferson, 30 April 1810
Jefferson/03-02-02-0308	Ebenezer Stedman to Thomas Jefferson, 1 May 1810
Jefferson/03-02-02-0309	Thomas Jefferson to Sylvanus Bourne, 2 May 1810
Jefferson/03-02-02-0310	Jean B. Porée to Thomas Jefferson, 2 May 1810
Jefferson/03-02-02-0311	Thomas Jefferson to Gerardus Vrolik, 2 May 1810
Jefferson/03-02-02-0312	Thomas Jefferson to William C. C. Claiborne, 3 May 1810
Jefferson/03-02-02-0313	Thomas Jefferson to William C. C. Claiborne, 3 May 1810
Jefferson/03-02-02-0314	John Rhea to Thomas Jefferson, 3 May 1810
Jefferson/03-02-02-0315	Thomas Jefferson to Archibald Fisher, 4 May 1810
Jefferson/03-02-02-0316	James H. Hooe to Thomas Jefferson, 4 May 1810
Jefferson/03-02-02-0317	Richard Barry to Thomas Jefferson, 5 May 1810
Jefferson/03-02-02-0318	Joseph Dougherty to Thomas Jefferson, 5 May 1810
Jefferson/03-02-02-0319	Thomas Jefferson to John Harvie, 5 May 1810
Jefferson/03-02-02-0320	Thomas Jefferson to Joseph Scott, 5 May 1810
Jefferson/03-02-02-0321	John Christoph Süverman to Thomas Jefferson, 5 May 1810
Jefferson/03-02-02-0322	Thomas Jefferson to the Trustees of the Lottery for East Tenne …
Jefferson/03-02-02-0323	James Madison to Thomas Jefferson, 7 May 1810
Jefferson/03-02-02-0324	William Thornton to Thomas Jefferson, 7 May 1810
Jefferson/03-02-02-0325	Archibald Thweatt, with postscript by John Wayles Eppes to Tho …
Jefferson/03-02-02-0326	Lydia R. Bailey to Thomas Jefferson, 8 May 1810
Jefferson/03-02-02-0327	Thomas Jefferson to Thomas Wilson, 8 May 1810
Jefferson/03-02-02-0328	Thomas Jefferson’s Account with John H. Craven, [after 9 May 1 …
Jefferson/03-02-02-0329	Godefroi Du Jareau to Thomas Jefferson, 9 May 1810
Jefferson/03-02-02-0330	Thomas Cooper to Thomas Jefferson, 10 May 1810
Jefferson/03-02-02-0331	Thomas Jefferson to John Wayles Eppes, 10 May 1810
Jefferson/03-02-02-0332	Thomas Jefferson to James H. Hooe, 10 May 1810
Jefferson/03-02-02-0333	William Thornton to Thomas Jefferson, 10 May 1810
Jefferson/03-02-02-0334	George Churchman to Thomas Jefferson, 12 May 1810
Jefferson/03-02-02-0335	Thomas Jefferson to Benjamin Morgan, 12 May 1810
Jefferson/03-02-02-0336	John Strode to Thomas Jefferson, 12 May 1810
Jefferson/03-02-02-0337	John Tyler to Thomas Jefferson, 12 May 1810
Jefferson/03-02-02-0338	ERR HTTP Error 404: NOT FOUND
Jefferson/03-02-02-0339	John Martin Baker to Thomas Jefferson, 14 May 1810
Jefferson/03-02-02-0340	Joseph Dougherty to Thomas Jefferson, 14 May 1810
Jefferson/03-02-02-0341	Thomas Jefferson to Thomas Jefferson Randolph, 14 May 1810
Jefferson/03-02-02-0342	Jonathan Shoemaker to Thomas Jefferson, 15 May 1810
Jefferson/03-02-02-0343	Madame Reibelt to Thomas Jefferson, 16 May 1810
Jefferson/03-02-02-0344	John Wickham to Thomas Jefferson, 16 May 1810
Jefferson/03-02-02-0345	Archibald Thweatt to Thomas Jefferson, 18 May 1810
Jefferson/03-02-02-0346	Thomas Jefferson to John Wickham, 18 May 1810
Jefferson/03-02-02-0347	ERR HTTP Error 404: NOT FOUND
Jefferson/03-02-02-0348	Thomas Jefferson to William Wirt and George Hay, 19 May 1810
Jefferson/03-02-02-0349	Archibald Thweatt to Thomas Jefferson, 20 May 1810
Jefferson/03-02-02-0350	Thomas Jefferson to Silvain Godon, 21 May 1810
Jefferson/03-02-02-0351	Thomas Jefferson to Jean B. Porée, 21 May 1810
Jefferson/03-02-02-0352	Thomas Jefferson to Charles Yancey, 21 May 1810
Jefferson/03-02-02-0353	David Bailie Warden to Thomas Jefferson, 22 May 1810
Jefferson/03-02-02-0354	John Wickham to Thomas Jefferson, 22 May 1810
Jefferson/03-02-02-0355	Thomas Jefferson to Archibald Thweatt, 23 May 1810
Jefferson/03-02-02-0356	Thomas Jefferson to Joseph Dougherty, 24 May 1810
Jefferson/03-02-02-0357	John Graham to Thomas Jefferson, 24 May 1810
Jefferson/03-02-02-0358	Aaron Hill to Thomas Jefferson, 24 May 1810
Jefferson/03-02-02-0359	Thomas Jefferson to William Thornton, 24 May 1810
Jefferson/03-02-02-0360	William Wirt to Thomas Jefferson, 24 May 1810
Jefferson/03-02-02-0361	George Hay to Thomas Jefferson, 25 May 1810
Jefferson/03-02-02-0362	Thomas Jefferson to James Madison, 25 May 1810
Jefferson/03-02-02-0363	ERR <urlopen error [Errno 104] Connection reset by peer>
Jefferson/03-02-02-0364	ERR <urlopen error [SSL: UNEXPECTED_EOF_WHILE_READING] EOF occur
Jefferson/03-02-02-0365	Thomas Jefferson to John Tyler, 26 May 1810
Jefferson/03-02-02-0366	Thomas Jefferson to Eli Alexander, 27 May 1810
Jefferson/03-02-02-0367	Thomas Jefferson to Joseph Darmsdatt, 27 May 1810
Jefferson/03-02-02-0368	John Ledyard to Thomas Jefferson, 28 May 1810
Jefferson/03-02-02-0369	Archibald Thweatt to Thomas Jefferson, 28 May 1810
Jefferson/03-02-02-0370	Thomas Jefferson to Archibald Thweatt, 29 May 1810
Jefferson/03-02-02-0371	Thomas Jefferson to William Eustis, 30 May 1810
Jefferson/03-02-02-0372	Thomas Jefferson to Albert Gallatin, 30 May 1810
Jefferson/03-02-02-0373	Thomas Jefferson to James Madison, 30 May 1810
Jefferson/03-02-02-0374	Thomas Jefferson to Patrick Magruder, 30 May 1810
Jefferson/03-02-02-0375	Thomas Jefferson to Caesar A. Rodney, 30 May 1810
Jefferson/03-02-02-0376	Thomas Jefferson to Robert Smith, 30 May 1810
Jefferson/03-02-02-0377	Henry Dearborn to Thomas Jefferson, 31 May 1810
Jefferson/03-02-02-0378	Joseph Darmsdatt to Thomas Jefferson, 1 June 1810
Jefferson/03-02-02-0379	Joseph Dougherty to Thomas Jefferson, 1 June 1810
Jefferson/03-02-02-0380	George Hay to Thomas Jefferson, 1 June 1810
Jefferson/03-02-02-0381	Thomas Jefferson to Archibald Thweatt, 1 June 1810
Jefferson/03-02-02-0382	William C. C. Claiborne to Thomas Jefferson, 4 June 1810
Jefferson/03-02-02-0383	William Eustis to Thomas Jefferson, 4 June 1810
Jefferson/03-02-02-0384	James Madison to Thomas Jefferson, 4 June 1810
Jefferson/03-02-02-0385	Robert Mills to Thomas Jefferson, 4 June 1810
Jefferson/03-02-02-0386	Thomas Jefferson Randolph to Thomas Jefferson, 4 June 1810
Jefferson/03-02-02-0387	ERR HTTP Error 404: NOT FOUND
Jefferson/03-02-02-0388	Archibald Thweatt to Thomas Jefferson, 4 June 1810
Jefferson/03-02-02-0389	Thomas Jefferson to Littleton W. Tazewell, 5 June 1810
Jefferson/03-02-02-0390	ERR HTTP Error 404: NOT FOUND
Jefferson/03-02-02-0391	Gideon Gooch to Thomas Jefferson, 7 June 1810
Jefferson/03-02-02-0392	Thomas Jefferson to John Graham, 7 June 1810
Jefferson/03-02-02-0393	John Kelly to Thomas Jefferson, 7 June 1810
Jefferson/03-02-02-0394	Randolph Jefferson to Thomas Jefferson, 8 June 1810
Jefferson/03-02-02-0395	James Madison to Thomas Jefferson, 8 June 1810
Jefferson/03-02-02-0396	Caesar A. Rodney to Thomas Jefferson, 8 June 1810
Jefferson/03-02-02-0397	William Thornton to Thomas Jefferson, 8 June 1810
Jefferson/03-02-02-0398	John Tyler to Thomas Jefferson, 9 June 1810
Jefferson/03-02-02-0399	ERR <urlopen error [SSL: UNEXPECTED_EOF_WHILE_READING] EOF occur
Jefferson/03-02-02-0400	Gideon Fitz’s Drawing of his Windmill, [ca. 10 June 1810]
Jefferson/03-02-02-0401	Thomas Jefferson to William C. C. Claiborne, 11 June 1810
Jefferson/03-02-02-0402	John Graham to Thomas Jefferson, 11 June 1810
Jefferson/03-02-02-0403	George Jefferson to Thomas Jefferson, 11 June 1810
Jefferson/03-02-02-0404	Thomas Jefferson to Randolph Jefferson, 11 June 1810
Jefferson/03-02-02-0405	ERR HTTP Error 404: NOT FOUND
Jefferson/03-02-02-0406	Levett Harris to Thomas Jefferson, 13 June 1810
Jefferson/03-02-02-0407	Thomas Jefferson to James Madison, 14 June 1810
Jefferson/03-02-02-0408	Thomas Jefferson to Archibald Thweatt, 14 June 1810
Jefferson/03-02-02-0409	Dabney Carr to William Wirt, 15 June 1810
Jefferson/03-02-02-0410	James Madison to Thomas Jefferson, 15 June 1810
Jefferson/03-02-02-0411	William C. C. Claiborne to Thomas Jefferson, 18 June 1810
Jefferson/03-02-02-0412	Silvain Godon to Thomas Jefferson, 18 June 1810
Jefferson/03-02-02-0413	Thomas Jefferson to George Hay, 18 June 1810
Jefferson/03-02-02-0414	John Le Tellier to Thomas Jefferson, 18 June 1810
Jefferson/03-02-02-0415	Thomas Jefferson to William Wirt, 18 June 1810
Jefferson/03-02-02-0416	William Short to Thomas Jefferson, 19 June 1810
Jefferson/03-02-02-0417	Gideon Fitz to Thomas Jefferson, 20 June 1810
Jefferson/03-02-02-0418	ERR HTTP Error 404: NOT FOUND
Jefferson/03-02-02-0419	Thomas Jefferson to John Mason, 22 June 1810
Jefferson/03-02-02-0420	Benjamin Morgan to Thomas Jefferson, 22 June 1810
Jefferson/03-02-02-0421	William F. Gray to Thomas Jefferson, 23 June 1810
Jefferson/03-02-02-0422	Godefroi Du Jareau to Thomas Jefferson, 25 June 1810
Jefferson/03-02-02-0423	Théodore Pahlen to Thomas Jefferson, 25 June 1810
Jefferson/03-02-02-0424	Thomas Jefferson to Joseph C. Cabell, 27 June 1810
Jefferson/03-02-02-0425	Thomas Jefferson to Joseph Dougherty, 27 June 1810
Jefferson/03-02-02-0426	Thomas Jefferson to James Madison , 27 June 1810
Jefferson/03-02-02-0427	Thomas Jefferson to William Thornton, 27 [June] 1810
Jefferson/03-02-02-0428	William Wirt to Thomas Jefferson, 27 June 1810
Jefferson/03-02-02-0429	Thomas Jefferson to Littleton W. Tazewell, 28 June 1810
Jefferson/03-02-02-0430	Thomas Jefferson to William Wirt, 28 June 1810
Jefferson/03-02-02-0431	Benjamin Morgan to Thomas Jefferson, 29 June 1810
Jefferson/03-02-02-0432	Wilson Cary Nicholas to Thomas Jefferson, 1 July 1810
Jefferson/03-02-02-0433	James Madison to Thomas Jefferson, 2 July 1810
Jefferson/03-02-02-0434	ERR <urlopen error [Errno 104] Connection reset by peer>
Jefferson/03-02-02-0435	Thomas Newell to Thomas Jefferson, 4 July 1810
Jefferson/03-02-02-0436	Littleton W. Tazewell to Thomas Jefferson, 5 July 1810
Jefferson/03-02-02-0437	Joseph Darmsdatt to Thomas Jefferson, 6 July 1810
Jefferson/03-02-02-0438	James Madison to Thomas Jefferson, 7 July 1810
Jefferson/03-02-02-0439	Thomas Jefferson to Joseph Darmsdatt, 9 July 1810
Jefferson/03-02-02-0440	Pierre Samuel Du Pont de Nemours to Thomas Jefferson, 10 July …
Jefferson/03-02-02-0441	Bunker Hill Association to Thomas Jefferson, 12 July 1810
Jefferson/03-02-02-0442	Thomas Jefferson to William Plumer, 12 July 1810
Jefferson/03-02-02-0443	John Steele to Thomas Jefferson, 12 July 1810
Jefferson/03-02-02-0444	Benjamin Smith Barton to Thomas Jefferson, 13 July 1810
Jefferson/03-02-02-0445	Thomas Jefferson to James Madison, 13 July 1810
Jefferson/03-02-02-0446	Thomas Jefferson to Théodore Pahlen, 13 July 1810
Jefferson/03-02-02-0447	ERR <urlopen error [SSL: UNEXPECTED_EOF_WHILE_READING] EOF occur
Jefferson/03-02-02-0448	ERR <urlopen error [Errno 104] Connection reset by peer>
Jefferson/03-02-02-0449	Thomas Jefferson to Carlo Botta, 15 July 1810
Jefferson/03-02-02-0450	Thomas Jefferson to John Graham, 15 July 1810
Jefferson/03-02-02-0451	George Hay to Thomas Jefferson, 15 July 1810
Jefferson/03-02-02-0452	Thomas Jefferson to Marc Antoine Jullien, 15 July 1810
Jefferson/03-02-02-0453	ERR <urlopen error [Errno 104] Connection reset by peer>
Jefferson/03-02-02-0454	John Roane to Thomas Jefferson, 15 July 1810
Jefferson/03-02-02-0455	Thomas Jefferson to David Bailie Warden, 15 July 1810
Jefferson/03-02-02-0456	Thomas Jefferson to Henry Dearborn, 16 July 1810
Jefferson/03-02-02-0457	William Duane to Thomas Jefferson, 16 July 1810
Jefferson/03-02-02-0458	Thomas Jefferson to John Wayles Eppes, 16 July 1810
Jefferson/03-02-02-0459	Thomas Jefferson to William Lambert, 16 July 1810
Jefferson/03-02-02-0460	James Madison to Thomas Jefferson, 17 July 1810
Jefferson/03-02-02-0461	John Mason to Thomas Jefferson, 18 July 1810
Jefferson/03-02-02-0462	John Graham to Thomas Jefferson, 19 July 1810
Jefferson/03-02-02-0463	ERR HTTP Error 404: NOT FOUND
Jefferson/03-02-02-0464	Joseph C. Cabell to Thomas Jefferson, 23 July 1810
Jefferson/03-02-02-0465	ERR HTTP Error 404: NOT FOUND
Jefferson/03-02-02-0466	John Wood to Thomas Jefferson, 23 July 1810
Jefferson/03-02-02-0467	William Lambert to Thomas Jefferson, 24 July 1810
Jefferson/03-02-02-0468	Joseph Charless to Thomas Jefferson, 26 July 1810
Jefferson/03-02-02-0469	James Madison to Thomas Jefferson, [received 26 July 1810]
Jefferson/03-02-02-0470	Thomas Jefferson to James Madison, 26 July 1810
Jefferson/03-02-02-0471	Pierre Samuel Du Pont de Nemours to Thomas Jefferson, [ca. 28 …
Jefferson/03-02-02-0472	Thomas Jefferson’s Statement on the Batture Case, 31 July 1810
Jefferson/03-02-02-0473	List of Batture-Related Papers Requested from Wiliam C. C. Cla …
Jefferson/03-02-02-0474	Thomas Jefferson to George Hay, 1 August 1810
Jefferson/03-02-02-0475	Thomas Jefferson to Jonathan Shoemaker, 1 August 1810
Jefferson/03-02-02-0476	Thomas Jefferson to John Daingerfield, 2 August 1810
Jefferson/03-02-02-0477	Thomas Jefferson to James Mather, 2 August 1810
Jefferson/03-02-02-0478	Godefroi Du Jareau to Thomas Jefferson, 3 August 1810
Jefferson/03-02-02-0479	Thomas Jefferson to Gideon Gooch, 3 August 1810
Jefferson/03-02-02-0480	Thomas Jefferson to the Bunker Hill Association, 4 August 1810
Jefferson/03-02-02-0481	William Jarvis to Thomas Jefferson, 4 August 1810
Jefferson/03-02-02-0482	Thomas Jefferson to Thomas Cooper, 6 August 1810
Jefferson/03-02-02-0483	James Gibbon to Thomas Jefferson, 6 August 1810
Jefferson/03-02-02-0484	Thomas Jefferson to Jonathan Shoemaker, 6 August 1810
Jefferson/03-02-02-0485	Thomas Jefferson to Samuel H. Smith, 6 August 1810
Jefferson/03-02-02-0486	Thomas Jefferson to John Roane, 7 August 1810
Jefferson/03-02-02-0487	William Lee to Thomas Jefferson, 8 August 1810
Jefferson/03-02-02-0488	John Christoph Süverman to Thomas Jefferson, 8 August 1810
Jefferson/03-02-02-0489	Thomas D. Williams to Thomas Jefferson, 8 August 1810
Jefferson/03-02-02-0490	Thomas Ladd to Thomas Jefferson, 9 August 1810
Jefferson/03-02-02-0491	Thomas Jefferson to James Madison, 9 August 1810
Jefferson/03-02-02-0492	William Wirt to Thomas Jefferson, 9 August 1810
Jefferson/03-02-02-0493	James Madison’s Notes on Thomas Jefferson’s Statement on the B …
Jefferson/03-02-02-0494	Francois André Michaux to Thomas Jefferson, 10 August 1810
Jefferson/03-02-02-0495	William C. C. Claiborne to Thomas Jefferson, 11 August 1810
Jefferson/03-02-02-0496	ERR HTTP Error 404: NOT FOUND
Jefferson/03-02-02-0497	ERR HTTP Error 404: NOT FOUND
Jefferson/03-02-02-0498	ERR <urlopen error [SSL: UNEXPECTED_EOF_WHILE_READING] EOF occur
Jefferson/03-02-02-0499	ERR <urlopen error [SSL: UNEXPECTED_EOF_WHILE_READING] EOF occur
Jefferson/03-02-02-0500	ERR HTTP Error 404: NOT FOUND
