position,B1_number,B1_gillogly_table1,B1_nara_straight,B1_pamphlet_encoder_key,B1_pamphlet_straight,B3_number,B3_gillogly_table1,B3_nara_straight,B3_pamphlet_encoder_key,B3_pamphlet_straight
1,71,S,S,S,S,317,A,A,A,U
2,194,C,C,B,B,8,I,I,I,I
3,38,S,S,S,S,92,C,C,C,C
4,1701,?,?,?,?,73,H,H,H,H
5,89,E,E,E,E,112,R,R,R,R
6,76,T,T,T,T,89,E,E,E,E
7,11,F,F,F,F,67,I,I,I,I
8,83,A,A,A,A,318,H,H,H,A
9,1629,?,?,?,?,28,A,A,A,A
10,48,G,G,G,G,96,R,R,R,R
11,94,C,C,C,C,107,H,H,H,H
12,63,D,D,D,D,41,T,T,T,T
13,132,O,O,O,O,631,T,O,O,O
14,16,T,T,T,T,78,S,S,S,S
15,111,T,T,T,T,146,T,T,T,T
16,95,U,U,U,I,397,T,T,T,R
17,84,C,C,C,C,118,D,D,D,D
18,341,W,W,W,C,98,A,A,A,A
19,975,O,O,W,I,114,A,A,A,A
20,14,T,T,T,T,246,D,D,D,A
21,40,W,W,W,W,348,L,L,L,T
22,64,T,T,T,T,116,A,A,A,A
23,27,A,A,A,A,74,T,T,T,T
24,81,A,A,A,A,88,A,A,A,A
25,139,I,I,I,I,12,O,O,O,O
26,213,W,W,S,S,65,C,C,C,C
27,63,D,D,D,D,32,T,T,T,T
28,90,B,B,B,B,14,T,T,T,T
29,1120,I,I,T,W,81,A,A,A,A
30,8,I,I,I,I,19,W,W,W,W
31,15,D,D,D,D,76,T,T,T,T
32,3,T,T,T,T,121,P,P,P,P
33,126,T,T,T,T,216,S,S,A,A
34,2018,?,?,?,?,85,E,E,E,E
35,40,W,W,W,W,33,E,E,E,E
36,74,T,T,T,T,66,W,W,W,W
37,758,T,F,A,F,15,D,D,D,D
38,485,A,A,B,F,108,T,T,T,T
39,604,A,T,A,T,68,T,T,T,T
40,230,B,B,A,A,77,B,B,B,B
41,436,B,B,B,L,43,O,O,O,O
42,664,P,C,A,C,24,A,A,A,A
43,582,L,T,D,T,122,F,F,F,F
44,150,A,A,A,A,96,R,R,R,R
45,251,A,A,A,U,117,M,M,M,M
46,284,A,A,A,C,36,A,A,A,A
47,308,B,B,B,G,211,T,T,D,D
48,231,W,W,B,B,301,H,H,H,T
49,124,C,C,C,C,15,D,D,D,D
50,211,T,T,D,D,44,N,N,N,N
51,486,L,L,E,A,11,F,F,F,F
52,225,T,T,F,F,46,O,O,O,O
53,401,F,F,F,L,89,E,E,E,E
54,370,I,I,I,P,18,B,B,B,B
55,11,F,F,F,F,136,O,O,O,O
56,101,L,L,L,L,68,T,T,T,T
57,305,K,K,K,P,317,A,A,A,U
58,139,I,I,I,I,28,A,A,A,A
59,189,L,L,G,G,90,B,B,B,B
60,17,P,P,P,P,82,M,M,M,M
61,33,E,E,E,E,304,P,P,P,T
62,88,A,A,A,A,71,S,S,S,S
63,208,A,A,M,M,43,O,O,O,O
64,193,B,B,N,N,221,B,B,T,T
65,145,P,P,P,P,198,T,T,A,A
66,1,W,W,W,W,176,L,L,M,M
67,94,C,C,C,C,310,A,A,A,I
68,73,H,H,H,H,319,I,I,I,H
69,416,O,O,O,R,81,A,A,A,A
70,918,T,T,O,A,99,T,T,T,T
71,263,O,O,O,T,264,S,S,S,O
72,28,A,A,A,A,380,B,B,B,S
73,500,P,P,L,L,56,O,O,O,O
74,538,P,T,L,T,37,E,E,E,E
75,356,P,P,P,T,319,I,I,I,H
76,117,M,M,M,M,2,I,I,I,I
77,136,O,O,O,O,44,N,N,N,N
78,219,R,R,T,T,53,R,R,R,R
79,27,A,A,A,A,28,A,A,A,A
80,176,L,L,M,M,44,N,N,N,N
81,130,A,A,A,A,75,T,T,T,T
82,10,N,N,N,N,98,A,A,A,A
83,460,H,H,H,W,102,L,L,L,L
84,25,A,A,A,A,37,E,E,E,E
85,485,A,A,B,F,85,E,E,E,E
86,18,B,B,B,B,107,H,H,H,H
87,436,B,B,B,L,117,M,M,M,M
88,65,C,C,C,C,64,T,T,T,T
89,84,C,C,C,C,88,A,A,A,A
90,200,A,A,C,C,136,O,O,O,O
91,283,C,C,C,T,48,G,G,G,G
92,118,D,D,D,D,154,I,I,I,I
93,320,D,D,D,I,99,T,T,T,T
94,138,E,E,E,E,175,M,M,S,S
95,36,A,A,A,A,89,E,E,E,E
96,416,O,O,O,R,315,A,A,A,I
97,280,S,S,S,P,326,A,A,A,A
98,15,D,D,D,D,78,S,S,S,S
99,71,S,S,S,S,96,R,R,R,R
100,224,F,F,T,T,214,E,E,W,W
101,961,H,H,O,H,218,T,T,T,T
102,44,N,N,N,N,311,H,H,H,A
103,16,T,T,T,T,43,O,O,O,O
104,401,F,F,F,L,89,E,E,E,E
105,39,T,T,T,T,51,A,A,A,A
106,88,A,A,A,A,90,B,B,B,B
107,61,T,T,T,T,75,T,T,T,T
108,304,P,P,P,T,128,T,T,T,T
109,12,O,O,O,O,96,R,R,R,R
110,21,C,C,C,C,33,E,E,E,E
111,24,A,A,A,A,28,A,A,A,A
112,283,C,C,C,T,103,A,A,A,A
113,134,B,B,B,B,84,C,C,C,C
114,92,C,C,C,C,65,C,C,C,C
115,63,D,D,D,D,26,T,T,T,T
116,246,D,D,D,A,41,T,T,T,T
117,486,L,L,E,A,246,D,D,D,A
118,682,B,U,L,U,84,C,C,C,C
119,7,E,E,E,E,270,G,G,G,N
120,219,R,R,T,T,98,A,A,A,A
121,184,I,I,P,P,116,A,A,A,A
122,360,F,F,F,H,32,T,T,T,T
123,780,E,P,T,P,59,R,R,R,R
124,18,B,B,B,B,74,T,T,T,T
125,64,T,T,T,T,66,W,W,W,W
126,463,H,H,H,H,69,T,T,T,T
127,474,I,I,I,H,240,I,I,P,P
128,131,F,F,F,F,15,D,D,D,D
129,160,O,O,F,F,8,I,I,I,I
130,79,E,E,E,E,121,P,P,P,P
131,73,H,H,H,H,20,H,H,H,H
132,440,U,U,U,U,77,B,B,B,B
133,95,U,U,U,I,89,E,E,E,E
134,18,B,B,B,B,31,O,O,O,O
135,64,T,T,T,T,11,F,F,F,F
136,581,T,A,J,A,106,O,O,O,O
137,34,T,T,T,T,81,A,A,A,A
138,69,T,T,T,T,191,S,S,E,E
139,128,T,T,T,T,224,F,F,T,T
140,367,I,I,I,O,328,O,O,O,T
141,460,H,H,H,W,18,B,B,B,B
142,17,P,P,P,P,75,T,T,T,T
143,81,A,A,A,A,52,D,D,D,D
144,12,O,O,O,O,82,M,M,M,M
145,103,A,A,A,A,117,M,M,M,M
146,820,A,L,O,L,201,A,A,A,A
147,62,S,S,S,S,39,T,T,T,T
148,116,A,A,A,A,23,W,W,W,W
149,97,T,T,T,T,217,T,T,S,S
150,103,A,A,A,A,27,A,A,A,A
151,862,A,W,O,W,21,C,C,C,C
152,70,T,T,T,T,84,C,C,C,C
153,60,T,T,T,T,35,S,S,S,S
154,1317,O,O,?,O,54,T,T,T,T
155,471,M,M,M,W,109,T,T,T,T
156,540,T,O,N,O,128,T,T,T,T
157,208,A,A,M,M,49,E,E,E,E
158,121,P,P,P,P,77,B,B,B,B
159,890,O,A,T,A,88,A,A,A,A
160,346,A,A,A,H,1,W,W,W,W
161,36,A,A,A,A,81,A,A,A,A
162,150,A,A,A,A,217,T,T,S,S
163,59,R,R,R,R,64,T,T,T,T
164,568,O,A,B,A,55,T,T,T,T
165,614,M,A,O,A,83,A,A,A,A
166,13,P,P,P,P,116,A,A,A,A
167,120,J,J,J,J,251,A,A,A,U
168,63,D,D,D,D,269,N,N,N,P
169,219,R,R,T,T,311,H,H,H,A
170,812,A,T,T,T,96,R,R,R,R
171,2160,?,?,?,?,54,T,T,T,T
172,1780,?,?,?,?,32,T,T,T,T
173,99,T,T,T,T,120,J,J,J,J
174,35,S,S,S,S,18,B,B,B,B
175,18,B,B,B,B,132,O,O,O,O
176,21,C,C,C,C,102,L,L,L,L
177,136,O,O,O,O,219,R,R,T,T
178,872,B,C,I,C,211,T,T,D,D
179,15,D,D,D,D,84,C,C,C,C
180,28,A,A,A,A,150,A,A,A,A
181,170,A,A,F,F,219,R,R,T,T
182,88,A,A,A,A,275,S,S,S,S
183,4,C,C,C,C,312,O,O,O,H
184,30,P,P,P,P,64,T,T,T,T
185,44,N,N,N,N,10,N,N,N,N
186,112,R,R,R,R,106,O,O,O,O
187,18,B,B,B,B,87,T,T,T,T
188,147,A,A,A,A,75,T,T,T,T
189,436,B,B,B,L,47,N,N,N,N
190,195,F,F,C,C,21,C,C,C,C
191,320,D,D,D,I,29,T,T,T,T
192,37,E,E,E,E,37,E,E,E,E
193,122,F,F,F,F,81,A,A,A,A
194,113,G,G,G,G,44,N,N,N,N
195,6,H,H,H,H,18,B,B,B,B
196,140,I,I,I,I,126,T,T,T,T
197,8,I,I,I,I,115,I,I,I,I
198,120,J,J,J,J,132,O,O,O,O
199,305,K,K,K,P,160,O,O,F,F
200,42,L,L,L,L,181,A,A,S,S
201,58,M,M,M,M,203,E,E,A,A
202,461,M,M,M,H,76,T,T,T,T
203,44,N,N,N,N,81,A,A,A,A
204,106,O,O,O,O,299,G,G,G,O
205,301,H,H,H,T,314,I,I,I,R
206,13,P,P,P,P,337,S,S,S,B
207,408,P,P,P,O,351,W,W,W,M
208,680,A,C,A,C,96,R,R,R,R
209,93,W,W,W,W,11,F,F,F,F
210,86,T,T,T,T,28,A,A,A,A
211,116,A,A,A,A,97,T,T,T,T
212,530,C,A,O,A,318,H,H,H,A
213,82,M,M,M,M,238,U,U,A,A
214,568,O,A,B,A,106,O,O,O,O
215,9,B,B,B,B,24,A,A,A,A
216,102,L,L,L,L,93,W,W,W,W
217,38,S,S,S,S,3,T,T,T,T
218,416,O,O,O,R,19,W,W,W,W
219,89,E,E,E,E,17,P,P,P,P
220,71,S,S,S,S,26,T,T,T,T
221,216,S,S,A,A,60,T,T,T,T
222,728,O,O,O,O,73,H,H,H,H
223,965,A,A,O,I,88,A,A,A,A
224,818,V,M,S,M,14,T,T,T,T
225,2,I,I,I,I,126,T,T,T,T
226,38,S,S,S,S,138,E,E,E,E
227,121,P,P,P,P,234,T,T,L,L
228,195,F,F,C,C,286,I,I,I,S
229,14,T,T,T,T,297,S,S,S,F
230,326,A,A,A,A,321,O,O,O,D
231,148,O,O,O,O,365,L,L,L,P
232,234,T,T,L,L,264,S,S,S,O
233,18,B,B,B,B,19,W,W,W,W
234,55,T,T,T,T,22,T,T,T,T
235,131,F,F,F,F,84,C,C,C,C
236,234,T,T,L,L,56,O,O,O,O
237,361,H,H,H,F,107,H,H,H,H
238,824,F,T,T,T,98,A,A,A,A
239,5,O,O,O,O,123,T,T,T,T
240,81,A,A,A,A,111,T,T,T,T
241,623,O,O,S,O,214,E,E,W,W
242,48,G,G,G,G,136,O,O,O,O
243,961,H,H,O,H,7,E,E,E,E
244,19,W,W,W,W,33,E,E,E,E
245,26,T,T,T,T,45,A,A,A,A
246,33,E,E,E,E,40,W,W,W,W
247,10,N,N,N,N,13,P,P,P,P
248,1101,A,A,C,A,28,A,A,A,A
249,365,L,L,L,P,46,O,O,O,O
250,92,C,C,C,C,42,L,L,L,L
251,88,A,A,A,A,107,H,H,H,H
252,181,A,A,S,S,196,L,L,F,F
253,275,S,S,S,S,227,T,T,W,W
254,346,A,A,A,H,344,R,R,R,H
255,201,A,A,A,A,198,T,T,A,A
256,206,T,T,S,S,203,E,E,A,A
257,86,T,T,T,T,247,T,T,D,D
258,36,A,A,A,A,116,A,A,A,A
259,219,R,R,T,T,19,W,W,W,W
260,324,O,O,O,E,8,I,I,I,I
261,829,S,F,L,F,212,S,S,T,T
262,840,L,T,H,T,230,B,B,A,A
263,64,T,T,T,T,31,O,O,O,O
264,326,A,A,A,A,6,H,H,H,H
265,19,W,W,W,W,328,O,O,O,T
266,48,G,G,G,G,65,C,C,C,C
267,122,F,F,F,F,48,G,G,G,G
268,85,E,E,E,E,52,D,D,D,D
269,216,S,S,A,A,59,R,R,R,R
270,284,A,A,A,C,41,T,T,T,T
271,919,U,U,F,T,122,F,F,F,F
272,861,W,W,B,W,33,E,E,E,E
273,326,A,A,A,A,117,M,M,M,M
274,985,O,O,C,R,11,F,F,F,F
275,233,L,L,A,A,18,B,B,B,B
276,64,T,T,T,T,25,A,A,A,A
277,68,T,T,T,T,71,S,S,S,S
278,232,A,A,W,W,36,A,A,A,A
279,431,H,H,H,O,45,A,A,A,A
280,960,H,H,B,H,83,A,A,A,A
281,50,T,T,T,T,76,T,T,T,T
282,29,T,T,T,T,89,E,E,E,E
283,81,A,A,A,A,92,C,C,C,C
284,216,S,S,A,A,31,O,O,O,O
285,321,O,O,O,D,65,C,C,C,C
286,603,T,A,E,A,70,T,T,T,T
287,14,T,T,T,T,83,A,A,A,A
288,612,E,H,S,H,96,R,R,R,R
289,81,A,A,A,A,27,A,A,A,A
290,360,F,F,F,H,33,E,E,E,E
291,36,A,A,A,A,44,N,N,N,N
292,51,A,A,A,A,50,T,T,T,T
293,62,S,S,S,S,61,T,T,T,T
294,194,C,C,B,B,24,A,A,A,A
295,78,S,S,S,S,112,R,R,R,R
296,60,T,T,T,T,136,O,O,O,O
297,200,A,A,C,C,149,T,T,T,T
298,314,I,I,I,R,176,L,L,M,M
299,676,F,J,H,J,180,S,S,T,T
300,112,R,R,R,R,194,C,C,B,B
301,4,C,C,C,C,143,O,O,O,O
302,28,A,A,A,A,171,T,T,A,A
303,18,B,B,B,B,205,S,S,H,H
304,61,T,T,T,T,296,F,F,F,T
305,136,O,O,O,O,87,T,T,T,T
306,247,T,T,D,D,12,O,O,O,O
307,819,L,V,O,V,44,N,N,N,N
308,921,H,H,T,T,51,A,A,A,A
309,1060,H,H,T,W,89,E,E,E,E
310,464,D,D,D,H,98,A,A,A,A
311,895,T,C,O,C,34,T,T,T,T
312,10,N,N,N,N,41,T,T,T,T
313,6,H,H,H,H,208,A,A,M,M
314,66,W,W,W,W,173,S,S,T,T
315,119,T,T,T,T,66,W,W,W,W
316,38,S,S,S,S,9,B,B,B,B
317,41,T,T,T,T,35,S,S,S,S
318,49,E,E,E,E,16,T,T,T,T
319,602,A,O,H,O,95,U,U,U,I
320,423,I,I,I,R,8,I,I,I,I
321,962,E,E,T,H,113,G,G,G,G
322,302,O,O,O,H,175,M,M,S,S
323,294,A,A,A,T,90,B,B,B,B
324,875,A,T,T,T,56,O,O,O,O
325,78,S,S,S,S,203,E,E,A,A
326,14,T,T,T,T,19,W,W,W,W
327,23,W,W,W,W,177,T,T,L,L
328,111,T,T,T,T,183,P,P,H,H
329,109,T,T,T,T,206,T,T,S,S
330,62,S,S,S,S,157,L,L,G,G
331,31,O,O,O,O,200,A,A,C,C
332,501,I,I,F,P,218,T,T,T,T
333,823,T,F,D,F,260,D,D,D,T
334,216,S,S,A,A,291,C,C,C,W
335,280,S,S,S,P,305,K,K,K,P
336,34,T,T,T,T,618,A,O,P,O
337,24,A,A,A,A,951,A,A,E,F
338,150,A,A,A,A,320,D,D,D,I
339,1000,O,O,H,S,18,B,B,B,B
340,162,P,P,S,S,124,C,C,C,C
341,286,I,I,I,S,78,S,S,S,S
342,19,W,W,W,W,65,C,C,C,C
343,21,C,C,C,C,19,W,W,W,W
344,17,P,P,P,P,32,T,T,T,T
345,340,C,C,C,A,124,C,C,C,C
346,19,W,W,W,W,48,G,G,G,G
347,242,S,S,T,T,53,R,R,R,R
348,31,O,O,O,O,57,O,O,O,O
349,86,T,T,T,T,84,C,C,C,C
350,234,T,T,L,L,96,R,R,R,R
351,140,I,I,I,I,207,M,M,T,T
352,607,O,P,N,P,244,E,E,O,O
353,115,I,I,I,I,66,W,W,W,W
354,33,E,E,E,E,82,M,M,M,M
355,191,S,S,E,E,119,T,T,T,T
356,67,I,I,I,I,71,S,S,S,S
357,104,T,T,T,T,11,F,F,F,F
358,86,T,T,T,T,86,T,T,T,T
359,52,D,D,D,D,77,B,B,B,B
360,88,A,A,A,A,213,W,W,S,S
361,16,T,T,T,T,54,T,T,T,T
362,80,T,T,T,T,82,M,M,M,M
363,121,P,P,P,P,316,U,U,U,A
364,67,I,I,I,I,245,A,A,E,E
365,95,U,U,U,I,303,T,T,T,O
366,122,F,F,F,F,86,T,T,T,T
367,216,S,S,A,A,97,T,T,T,T
368,548,F,L,E,L,106,O,O,O,O
369,96,R,R,R,R,212,S,S,T,T
370,11,F,F,F,F,18,B,B,B,B
371,201,A,A,A,A,37,E,E,E,E
372,77,B,B,B,B,15,D,D,D,D
373,364,P,P,P,T,81,A,A,A,A
374,218,T,T,T,T,89,E,E,E,E
375,65,C,C,C,C,16,T,T,T,T
376,667,C,H,T,H,7,E,E,E,E
377,890,O,A,T,A,81,A,A,A,A
378,236,A,A,O,O,39,T,T,T,T
379,154,I,I,I,I,96,R,R,R,R
380,211,T,T,D,D,14,T,T,T,T
381,10,N,N,N,N,43,O,O,O,O
382,98,A,A,A,A,216,S,S,A,A
383,34,T,T,T,T,118,D,D,D,D
384,119,T,T,T,T,29,T,T,T,T
385,56,O,O,O,O,55,T,T,T,T
386,216,S,S,A,A,109,T,T,T,T
387,119,T,T,T,T,136,O,O,O,O
388,71,S,S,S,S,172,T,T,T,T
389,218,T,T,T,T,213,W,W,S,S
390,1164,F,F,I,P,64,T,T,T,T
391,1496,?,?,?,?,8,I,I,I,I
392,1817,?,?,?,?,227,T,T,W,W
393,51,A,A,A,A,304,P,P,P,T
394,39,T,T,T,T,611,H,H,H,H
395,210,D,D,N,N,221,B,B,T,T
396,36,A,A,A,A,364,P,P,P,T
397,3,T,T,T,T,819,L,V,O,V
398,19,W,W,W,W,375,O,O,O,T
399,540,T,O,N,O,128,T,T,T,T
400,232,A,A,W,W,296,F,F,F,T
401,22,T,T,T,T,1,W,W,W,W
402,141,T,T,T,T,18,B,B,B,B
403,617,O,N,O,N,53,R,R,R,R
404,84,C,C,C,C,76,T,T,T,T
405,290,W,W,W,N,10,N,N,N,N
406,80,T,T,T,T,15,D,D,D,D
407,46,O,O,O,O,23,W,W,W,W
408,207,M,M,T,T,19,W,W,W,W
409,411,P,P,P,T,71,S,S,S,S
410,150,A,A,A,A,84,C,C,C,C
411,29,T,T,T,T,120,J,J,J,J
412,38,S,S,S,S,134,B,B,B,B
413,46,O,O,O,O,66,W,W,W,W
414,172,T,T,T,T,73,H,H,H,H
415,85,E,E,E,E,89,E,E,E,E
416,194,C,C,B,B,96,R,R,R,R
417,39,T,T,T,T,230,B,B,A,A
418,261,T,T,T,D,48,G,G,G,G
419,543,T,F,R,F,77,B,B,B,B
420,897,O,W,A,W,26,T,T,T,T
421,624,T,O,H,O,101,L,L,L,L
422,18,B,B,B,B,127,G,G,G,G
423,212,S,S,T,T,936,H,H,E,T
424,416,O,O,O,R,218,T,T,T,T
425,127,G,G,G,G,439,U,U,U,P
426,931,C,C,T,F,178,E,E,T,T
427,19,W,W,W,W,171,T,T,A,A
428,4,C,C,C,C,61,T,T,T,T
429,63,D,D,D,D,226,W,W,T,T
430,96,R,R,R,R,313,R,R,R,O
431,12,O,O,O,O,215,A,A,E,E
432,101,L,L,L,L,102,L,L,L,L
433,418,I,I,I,R,18,B,B,B,B
434,16,T,T,T,T,167,I,I,P,P
435,140,I,I,I,I,262,T,T,T,T
436,230,B,B,A,A,114,A,A,A,A
437,460,H,H,H,W,218,T,T,T,T
438,538,P,T,L,T,66,W,W,W,W
439,19,W,W,W,W,59,R,R,R,R
440,27,A,A,A,A,48,G,G,G,G
441,88,A,A,A,A,27,A,A,A,A
442,612,E,H,S,H,19,W,W,W,W
443,1431,?,?,?,?,13,P,P,P,P
444,90,B,B,B,B,82,M,M,M,M
445,716,T,W,O,W,48,G,G,G,G
446,275,S,S,S,S,162,P,P,S,S
447,74,T,T,T,T,119,T,T,T,T
448,83,A,A,A,A,34,T,T,T,T
449,11,F,F,F,F,127,G,G,G,G
450,426,A,A,A,T,139,I,I,I,I
451,89,E,E,E,E,34,T,T,T,T
452,72,W,W,W,W,128,T,T,T,T
453,84,C,C,C,C,129,W,W,W,W
454,1300,I,A,M,D,74,T,T,T,T
455,1706,?,?,?,?,63,D,D,D,D
456,814,C,O,O,O,120,J,J,J,J
457,221,B,B,T,T,11,F,F,F,F
458,132,O,O,O,O,54,T,T,T,T
459,40,W,W,W,W,61,T,T,T,T
460,102,L,L,L,L,73,H,H,H,H
461,34,T,T,T,T,92,C,C,C,C
462,868,S,O,O,O,180,S,S,T,T
463,975,O,O,W,I,66,W,W,W,W
464,1101,A,A,C,A,75,T,T,T,T
465,84,C,C,C,C,101,L,L,L,L
466,16,T,T,T,T,124,C,C,C,C
467,79,E,E,E,E,265,G,G,G,S
468,23,W,W,W,W,89,E,E,E,E
469,16,T,T,T,T,96,R,R,R,R
470,81,A,A,A,A,126,T,T,T,T
471,122,F,F,F,F,274,S,S,S,F
472,324,O,O,O,E,896,W,T,C,T
473,403,A,A,A,T,917,A,A,C,A
474,912,I,I,A,P,434,T,T,T,C
475,227,T,T,W,W,461,M,M,M,H
476,936,H,H,E,T,235,O,O,T,T
477,447,T,T,T,O,890,O,A,T,A
478,55,T,T,T,T,312,O,O,O,H
479,86,T,T,T,T,413,R,R,R,W
480,34,T,T,T,T,328,O,O,O,T
481,43,O,O,O,O,381,O,O,O,B
482,212,S,S,T,T,96,R,R,R,R
483,107,H,H,H,H,105,P,P,P,P
484,96,R,R,R,R,217,T,T,S,S
485,314,I,I,I,R,66,W,W,W,W
486,264,S,S,S,O,118,D,D,D,D
487,1065,T,T,U,T,22,T,T,T,T
488,323,E,E,E,T,77,B,B,B,B
489,428,T,T,T,F,64,T,T,T,T
490,601,O,T,H,T,42,L,L,L,L
491,203,E,E,A,A,12,O,O,O,O
492,124,C,C,C,C,7,E,E,E,E
493,95,U,U,U,I,55,T,T,T,T
494,216,S,S,A,A,24,A,A,A,A
495,814,C,O,O,O,83,A,A,A,A
496,2906,?,?,?,?,67,I,I,I,I
497,654,R,T,P,T,97,T,T,T,T
498,820,A,L,O,L,109,T,T,T,T
499,2,I,I,I,I,121,P,P,P,P
500,301,H,H,H,T,135,D,D,D,D
501,112,R,R,R,R,181,A,A,S,S
502,176,L,L,M,M,203,E,E,A,A
503,213,W,W,S,S,219,R,R,T,T
504,71,S,S,S,S,228,A,A,T,T
505,87,T,T,T,T,256,R,R,R,T
506,96,R,R,R,R,21,C,C,C,C
507,202,A,A,A,A,34,T,T,T,T
508,35,S,S,S,S,77,B,B,B,B
509,10,N,N,N,N,319,I,I,I,H
510,2,I,I,I,I,374,T,T,T,I
511,41,T,T,T,T,382,A,A,A,O
512,17,P,P,P,P,675,J,A,G,A
513,84,C,C,C,C,684,L,O,Q,O
514,221,B,B,T,T,717,S,T,O,T
515,736,F,W,I,W,864,H,U,A,U
516,820,A,L,O,L,203,E,E,A,A
517,214,E,E,W,W,4,C,C,C,C
518,11,F,F,F,F,18,B,B,B,B
519,60,T,T,T,T,92,C,C,C,C
520,760,B,U,F,U,16,T,T,T,T
521,,,,,,63,D,D,D,D
522,,,,,,82,M,M,M,M
523,,,,,,22,T,T,T,T
524,,,,,,46,O,O,O,O
525,,,,,,55,T,T,T,T
526,,,,,,69,T,T,T,T
527,,,,,,74,T,T,T,T
528,,,,,,112,R,R,R,R
529,,,,,,134,B,B,B,B
530,,,,,,186,D,D,W,W
531,,,,,,175,M,M,S,S
532,,,,,,119,T,T,T,T
533,,,,,,213,W,W,S,S
534,,,,,,416,O,O,O,R
535,,,,,,312,O,O,O,H
536,,,,,,343,H,H,H,H
537,,,,,,264,S,S,S,O
538,,,,,,119,T,T,T,T
539,,,,,,186,D,D,W,W
540,,,,,,218,T,T,T,T
541,,,,,,343,H,H,H,H
542,,,,,,417,R,R,R,O
543,,,,,,845,C,A,O,A
544,,,,,,951,A,A,E,F
545,,,,,,124,C,C,C,C
546,,,,,,209,M,M,A,A
547,,,,,,49,E,E,E,E
548,,,,,,617,O,N,O,N
549,,,,,,856,O,O,O,O
550,,,,,,924,C,C,T,A
551,,,,,,936,H,H,E,T
552,,,,,,72,W,W,W,W
553,,,,,,19,W,W,W,W
554,,,,,,28,A,A,A,A
555,,,,,,11,F,F,F,F
556,,,,,,35,S,S,S,S
557,,,,,,42,L,L,L,L
558,,,,,,40,W,W,W,W
559,,,,,,66,W,W,W,W
560,,,,,,85,E,E,E,E
561,,,,,,94,C,C,C,C
562,,,,,,112,R,R,R,R
563,,,,,,65,C,C,C,C
564,,,,,,82,M,M,M,M
565,,,,,,115,I,I,I,I
566,,,,,,119,T,T,T,T
567,,,,,,236,A,A,O,O
568,,,,,,244,E,E,O,O
569,,,,,,186,D,D,W,W
570,,,,,,172,T,T,T,T
571,,,,,,112,R,R,R,R
572,,,,,,85,E,E,E,E
573,,,,,,6,H,H,H,H
574,,,,,,56,O,O,O,O
575,,,,,,38,S,S,S,S
576,,,,,,44,N,N,N,N
577,,,,,,85,E,E,E,E
578,,,,,,72,W,W,W,W
579,,,,,,32,T,T,T,T
580,,,,,,47,N,N,N,N
581,,,,,,63,D,D,D,D
582,,,,,,96,R,R,R,R
583,,,,,,124,C,C,C,C
584,,,,,,217,T,T,S,S
585,,,,,,314,I,I,I,R
586,,,,,,319,I,I,I,H
587,,,,,,221,B,B,T,T
588,,,,,,644,W,A,R,A
589,,,,,,817,M,O,F,O
590,,,,,,821,A,A,L,A
591,,,,,,934,O,O,B,C
592,,,,,,922,O,O,C,H
593,,,,,,416,O,O,O,R
594,,,,,,975,O,O,W,I
595,,,,,,10,N,N,N,N
596,,,,,,22,T,T,T,T
597,,,,,,18,B,B,B,B
598,,,,,,46,O,O,O,O
599,,,,,,137,T,T,T,T
600,,,,,,181,A,A,S,S
601,,,,,,101,L,L,L,L
602,,,,,,39,T,T,T,T
603,,,,,,86,T,T,T,T
604,,,,,,103,A,A,A,A
605,,,,,,116,A,A,A,A
606,,,,,,138,E,E,E,E
607,,,,,,164,O,O,A,A
608,,,,,,212,S,S,T,T
609,,,,,,218,T,T,T,T
610,,,,,,296,F,F,F,T
611,,,,,,815,A,C,O,C
612,,,,,,380,B,B,B,S
613,,,,,,412,W,W,W,P
614,,,,,,460,H,H,H,W
615,,,,,,495,B,B,R,T
616,,,,,,675,J,A,G,A
617,,,,,,820,A,L,O,L
618,,,,,,952,B,B,D,A
