word,count,proper,pre1822_mean,pre1822_years,first_year,mean_1822_49,mean_1850_1900,ratio_pre1822_to_1850_1900
a,47,,1.435e-02,42,1780,1.494e-02,1.515e-02,0.947
about,3,,6.197e-04,42,1780,6.736e-04,8.158e-04,0.760
accident,2,,2.925e-05,42,1780,2.656e-05,3.185e-05,0.918
accompanied,1,,5.519e-05,42,1780,6.065e-05,4.806e-05,1.148
accompany,1,,1.800e-05,42,1780,1.748e-05,1.535e-05,1.173
accomplishes,1,,5.719e-07,33,1785,1.002e-06,1.279e-06,0.447
accordingly,1,,9.880e-05,42,1780,7.819e-05,5.000e-05,1.976
account,9,,3.669e-04,42,1780,3.018e-04,2.475e-04,1.482
acquire,1,,2.505e-05,42,1780,2.261e-05,1.718e-05,1.458
acquired,1,,5.387e-05,42,1780,5.243e-05,4.413e-05,1.221
acquiring,1,,1.001e-05,42,1780,1.004e-05,6.978e-06,1.434
acquisition,1,,1.616e-05,42,1780,1.361e-05,9.334e-06,1.731
act,1,,8.182e-04,42,1780,6.634e-04,6.375e-04,1.283
added,1,,1.378e-04,42,1780,1.010e-04,1.001e-04,1.377
addition,1,,6.830e-05,42,1780,6.527e-05,7.663e-05,0.891
adopted,1,,8.911e-05,42,1780,1.110e-04,1.194e-04,0.746
advance,1,,4.138e-05,42,1780,5.350e-05,6.951e-05,0.595
adventure,1,,9.441e-06,42,1780,9.990e-06,8.507e-06,1.110
advice,1,,6.153e-05,42,1780,4.452e-05,3.573e-05,1.722
affecting,1,,1.750e-05,42,1780,2.057e-05,1.632e-05,1.072
affection,1,,5.625e-05,42,1780,6.322e-05,3.736e-05,1.506
after,8,,9.501e-04,42,1780,9.360e-04,9.191e-04,1.034
afternoon,1,,2.808e-05,42,1780,2.641e-05,3.710e-05,0.757
age,1,,1.958e-04,42,1780,2.072e-04,1.909e-04,1.025
all,3,,2.820e-03,42,1780,3.021e-03,2.738e-03,1.030
allaying,1,,4.556e-07,33,1781,7.993e-07,5.747e-07,0.793
along,1,,9.738e-05,42,1780,1.153e-04,1.526e-04,0.638
also,2,,6.678e-04,42,1780,6.941e-04,7.343e-04,0.909
although,1,,1.325e-04,42,1780,1.877e-04,1.769e-04,0.749
among,3,,3.966e-04,42,1780,4.507e-04,3.721e-04,1.066
amongst,2,,5.055e-05,42,1780,4.622e-05,2.581e-05,1.959
an,7,,2.969e-03,42,1780,2.959e-03,2.855e-03,1.040
anahaways,1,proper,0.000e+00,0,,0.000e+00,0.000e+00,
ancient,1,,1.287e-04,42,1780,1.370e-04,9.470e-05,1.359
and,86,,2.816e-02,42,1780,2.824e-02,2.700e-02,1.043
animal,1,,6.160e-05,42,1780,7.278e-05,6.951e-05,0.886
announced,1,,1.702e-05,42,1780,2.338e-05,3.047e-05,0.559
another,5,,4.298e-04,42,1780,4.525e-04,4.078e-04,1.054
antelope,3,,7.670e-07,33,1786,1.124e-06,1.724e-06,0.445
anxiety,1,,2.085e-05,42,1780,2.749e-05,1.953e-05,1.068
anxiously,1,,4.700e-06,42,1780,7.641e-06,5.503e-06,0.854
any,1,,2.178e-03,42,1780,1.839e-03,1.658e-03,1.314
appearance,4,,1.219e-04,42,1780,1.212e-04,9.792e-05,1.244
appearances,1,,2.114e-05,42,1780,1.598e-05,9.482e-06,2.229
appetites,1,,5.112e-06,40,1780,5.453e-06,2.879e-06,1.776
appointed,1,,2.385e-04,42,1780,1.663e-04,1.430e-04,1.668
apprehended,1,,2.077e-05,42,1780,1.518e-05,7.290e-06,2.850
approach,1,,4.141e-05,42,1780,4.543e-05,3.292e-05,1.258
are,4,,3.634e-03,42,1780,3.712e-03,3.504e-03,1.037
army,2,,2.815e-04,42,1780,1.761e-04,1.781e-04,1.581
arrival,2,,6.188e-05,42,1780,5.176e-05,3.733e-05,1.658
arrive,1,,2.936e-05,42,1780,2.470e-05,2.121e-05,1.384
arrived,1,,9.506e-05,42,1780,9.281e-05,6.798e-05,1.398
arrives,2,,9.906e-06,42,1780,8.177e-06,6.265e-06,1.581
article,1,,1.397e-04,42,1780,1.221e-04,1.227e-04,1.138
articles,3,,1.304e-04,42,1780,1.031e-04,9.423e-05,1.384
as,7,,6.231e-03,42,1780,6.448e-03,6.478e-03,0.962
ascend,2,,1.111e-05,42,1780,1.223e-05,7.421e-06,1.497
ascending,3,,7.886e-06,42,1780,1.146e-05,1.004e-05,0.785
ascertain,1,,3.148e-05,42,1780,3.716e-05,2.987e-05,1.054
ascertains,1,,6.781e-07,38,1780,5.599e-07,3.610e-07,1.878
ask,1,,5.453e-05,42,1780,9.345e-05,1.017e-04,0.536
assiniboins,1,proper,2.688e-08,14,1801,5.713e-08,4.243e-08,0.634
assist,1,,3.796e-05,42,1780,3.047e-05,2.375e-05,1.598
associated,1,,1.764e-05,42,1780,1.999e-05,2.647e-05,0.666
at,18,,3.874e-03,42,1780,3.970e-03,4.249e-03,0.912
attack,2,,6.380e-05,42,1780,5.703e-05,5.849e-05,1.091
attacking,1,,6.347e-06,42,1780,4.972e-06,5.075e-06,1.250
attempt,1,,9.512e-05,42,1780,9.368e-05,7.792e-05,1.221
attended,1,,1.065e-04,42,1780,8.429e-05,5.318e-05,2.002
attention,2,,1.778e-04,42,1780,1.800e-04,1.641e-04,1.083
back,1,,1.375e-04,42,1780,1.811e-04,2.765e-04,0.497
baggage,1,,1.244e-05,42,1780,9.323e-06,1.193e-05,1.042
bales,2,,2.004e-06,39,1782,5.595e-06,9.429e-06,0.213
ball,1,,2.382e-05,42,1780,2.622e-05,3.382e-05,0.704
band,1,,2.014e-05,42,1780,2.641e-05,3.737e-05,0.539
banks,4,,4.749e-05,42,1780,9.865e-05,9.567e-05,0.496
bays,2,,5.583e-06,42,1780,4.678e-06,4.835e-06,1.155
be,4,,8.153e-03,42,1780,7.276e-03,6.350e-03,1.284
beads,2,,3.389e-06,41,1780,3.442e-06,4.275e-06,0.793
bear,4,,9.484e-05,42,1780,1.045e-04,8.870e-05,1.069
bears,1,,2.845e-05,42,1780,2.860e-05,2.610e-05,1.090
beautiful,2,,5.984e-05,42,1780,1.145e-04,1.092e-04,0.548
been,4,,2.056e-03,42,1780,2.339e-03,2.234e-03,0.921
before,2,,9.457e-04,42,1780,9.351e-04,8.471e-04,1.116
being,3,,1.121e-03,42,1780,9.612e-04,8.729e-04,1.284
believing,1,,1.836e-05,42,1780,2.442e-05,1.797e-05,1.022
belonging,1,,7.506e-05,42,1780,5.525e-05,5.146e-05,1.459
below,6,,8.516e-05,42,1780,9.911e-05,1.386e-04,0.614
bend,1,proper,1.197e-05,42,1780,1.137e-05,1.352e-05,0.886
best,1,,2.374e-04,42,1780,2.573e-04,3.087e-04,0.769
between,4,,4.937e-04,42,1780,5.028e-04,5.395e-04,0.915
bigdry,1,proper,2.532e-09,2,1814,5.803e-11,6.631e-11,38.177
billiards,1,,5.037e-07,36,1781,4.358e-07,7.071e-07,0.712
black,2,,9.760e-05,42,1780,1.077e-04,1.406e-04,0.694
blacksmith,1,,2.170e-06,41,1780,3.621e-06,6.555e-06,0.331
board,2,,2.247e-04,42,1780,1.821e-04,2.746e-04,0.818
boat,3,,4.621e-05,42,1780,5.259e-05,5.595e-05,0.826
boats,2,,4.140e-05,42,1780,3.678e-05,3.408e-05,1.215
bodies,1,,7.583e-05,42,1780,7.184e-05,5.591e-05,1.356
body,7,,2.979e-04,42,1780,3.004e-04,2.486e-04,1.198
bordering,1,,4.952e-06,41,1781,5.688e-06,5.291e-06,0.936
borders,1,,1.430e-05,42,1780,1.578e-05,1.432e-05,0.999
borrowed,1,,1.400e-05,42,1780,1.484e-05,1.221e-05,1.147
both,1,,4.471e-04,42,1780,4.405e-04,4.075e-04,1.097
bow,1,,1.980e-05,42,1780,2.482e-05,2.272e-05,0.871
box,2,,2.137e-05,42,1780,2.473e-05,5.526e-05,0.387
boy,1,,3.441e-05,42,1780,5.205e-05,7.634e-05,0.451
branch,1,,6.496e-05,42,1780,7.670e-05,7.404e-05,0.877
breast,1,,3.769e-05,42,1780,3.910e-05,2.983e-05,1.263
bring,1,,1.440e-04,42,1780,1.407e-04,1.183e-04,1.217
bringing,1,,3.497e-05,42,1780,3.612e-05,3.604e-05,0.970
buffaloe,5,,1.287e-06,35,1785,3.586e-07,5.472e-08,23.513
building,1,,6.951e-05,42,1780,7.406e-05,1.502e-04,0.463
burying,1,,4.380e-06,42,1780,4.266e-06,3.725e-06,1.176
but,2,,3.615e-03,42,1780,3.816e-03,3.321e-03,1.089
by,20,,6.917e-03,42,1780,6.706e-03,6.497e-03,1.065
cabin,1,,6.497e-06,39,1780,1.079e-05,1.242e-05,0.523
cache,1,,1.223e-07,27,1781,1.691e-07,7.821e-07,0.156
calculated,1,,4.384e-05,42,1780,5.021e-05,2.592e-05,1.692
called,2,,4.286e-04,42,1780,4.393e-04,3.731e-04,1.149
came,4,,2.544e-04,42,1780,2.703e-04,3.050e-04,0.834
cameahwait,1,proper,2.661e-08,4,1806,2.387e-08,3.471e-09,7.667
cannonball,1,,1.772e-08,17,1798,3.807e-08,4.158e-08,0.426
canoes,3,,1.080e-05,40,1780,5.522e-06,4.645e-06,2.326
caparison,1,,3.929e-08,20,1798,8.137e-08,4.596e-08,0.855
captain,35,,1.433e-04,42,1780,1.213e-04,1.190e-04,1.204
captains,1,,1.594e-05,42,1780,1.149e-05,8.727e-06,1.826
carry,1,,9.350e-05,42,1780,8.483e-05,8.453e-05,1.106
carrying,2,,5.100e-05,42,1780,4.547e-05,5.503e-05,0.927
case,3,,4.775e-04,42,1780,5.548e-04,6.424e-04,0.743
catching,2,,4.451e-06,42,1780,4.436e-06,5.843e-06,0.762
ceremonies,1,,1.579e-05,42,1780,1.515e-05,9.674e-06,1.632
cession,1,,9.614e-06,41,1780,9.736e-06,4.863e-06,1.977
chaboneau,2,,1.809e-08,4,1806,2.483e-08,5.600e-09,3.231
changed,1,,4.365e-05,42,1780,5.265e-05,6.046e-05,0.722
character,12,,2.404e-04,42,1780,3.360e-04,2.550e-04,0.943
charitons,1,proper,7.339e-10,2,1814,1.036e-10,3.233e-10,2.270
charity,1,,3.623e-05,42,1780,3.792e-05,2.654e-05,1.365
charles,1,,1.141e-04,42,1780,1.092e-04,1.433e-04,0.797
charrette,1,proper,1.183e-08,12,1798,1.737e-08,1.237e-08,0.957
chase,1,,1.188e-05,42,1780,1.784e-05,1.999e-05,0.594
cheyenne,1,proper,2.153e-07,15,1789,8.703e-08,2.424e-06,0.089
chief,2,,1.786e-04,42,1780,1.425e-04,1.575e-04,1.134
chiefs,1,,2.145e-05,42,1780,2.584e-05,1.538e-05,1.395
chien,1,proper,3.796e-07,28,1786,9.988e-07,1.099e-06,0.346
children,1,,2.245e-04,42,1780,2.561e-04,2.439e-04,0.920
clarke,16,proper,1.397e-05,42,1780,1.556e-05,1.600e-05,0.873
clarke's,2,proper,0.000e+00,0,,0.000e+00,0.000e+00,
clear,2,,8.942e-05,42,1780,1.028e-04,1.187e-04,0.753
clothing,1,,2.421e-05,42,1780,1.885e-05,2.632e-05,0.920
coats,1,,7.852e-06,42,1780,7.095e-06,7.676e-06,1.023
cold,5,,7.983e-05,42,1780,9.322e-05,1.003e-04,0.796
columbia,1,proper,2.638e-05,40,1781,3.159e-05,4.550e-05,0.580
command,1,,1.352e-04,42,1780,1.080e-04,9.915e-05,1.364
commandant,1,,8.368e-06,41,1780,6.400e-06,5.240e-06,1.597
communication,1,,9.753e-05,42,1780,6.159e-05,5.328e-05,1.831
company,1,,1.978e-04,42,1780,2.417e-04,4.534e-04,0.436
complaints,1,,2.738e-05,42,1780,1.906e-05,1.300e-05,2.106
composed,1,,6.499e-05,42,1780,6.808e-05,5.906e-05,1.100
conception,1,,1.251e-05,42,1780,1.750e-05,2.391e-05,0.523
conduct,1,,1.965e-04,42,1780,1.494e-04,8.009e-05,2.453
confidence,2,,7.733e-05,42,1780,8.773e-05,5.449e-05,1.419
confluence,1,,2.761e-06,41,1781,2.346e-06,1.867e-06,1.479
consisted,2,,2.297e-05,42,1780,2.511e-05,2.240e-05,1.025
constitute,1,,2.701e-05,42,1780,3.442e-05,3.674e-05,0.735
construction,1,,5.824e-05,42,1780,7.802e-05,1.187e-04,0.491
consumption,1,,1.553e-05,42,1780,2.326e-05,2.509e-05,0.619
containing,1,,5.894e-05,42,1780,6.310e-05,7.382e-05,0.798
contest,1,,2.455e-05,42,1780,2.918e-05,2.549e-05,0.963
continuation,1,,9.509e-06,42,1780,9.006e-06,8.802e-06,1.080
continue,1,,1.050e-04,42,1780,8.426e-05,6.396e-05,1.642
continues,1,,2.812e-05,42,1780,2.624e-05,2.266e-05,1.241
controversy,1,,2.766e-05,42,1780,3.329e-05,2.858e-05,0.968
convenient,2,,4.728e-05,42,1780,3.646e-05,3.310e-05,1.428
corporal,1,,7.920e-06,42,1780,5.028e-06,6.660e-06,1.189
council,9,,1.799e-04,42,1780,1.162e-04,1.196e-04,1.505
country,13,,5.606e-04,42,1780,6.018e-04,4.454e-04,1.259
course,2,,2.191e-04,42,1780,3.030e-04,3.000e-04,0.730
courses,1,,9.474e-06,42,1780,1.119e-05,2.054e-05,0.461
covered,1,,7.746e-05,42,1780,8.207e-05,8.610e-05,0.900
covering,1,,1.886e-05,42,1780,2.037e-05,2.796e-05,0.674
creeks,6,,7.074e-06,42,1780,7.357e-06,5.252e-06,1.347
curious,2,,3.900e-05,42,1780,3.810e-05,3.621e-05,1.077
custom,1,,5.440e-05,42,1780,5.173e-05,4.349e-05,1.251
damage,1,,2.624e-05,42,1780,1.750e-05,2.798e-05,0.938
dance,2,,1.123e-05,41,1780,1.343e-05,1.339e-05,0.839
dances,1,,2.577e-06,40,1780,2.868e-06,3.034e-06,0.849
dangerous,1,,6.286e-05,42,1780,5.260e-05,4.276e-05,1.470
dangers,1,,2.385e-05,42,1780,2.204e-05,1.562e-05,1.527
day,1,,7.668e-04,42,1780,7.343e-04,7.330e-04,1.046
days,1,,2.864e-04,42,1780,2.919e-04,3.044e-04,0.941
dead,1,,9.503e-05,42,1780,1.129e-04,1.072e-04,0.886
dearborne's,1,proper,0.000e+00,0,,0.000e+00,0.000e+00,
death,1,,3.328e-04,42,1780,3.467e-04,2.750e-04,1.210
december,1,proper,9.244e-05,42,1780,7.859e-05,1.131e-04,0.817
deck,1,,1.125e-05,42,1780,1.797e-05,1.820e-05,0.618
deemed,1,,6.291e-05,42,1780,5.681e-05,4.609e-05,1.365
degrees,4,,6.448e-05,42,1780,4.653e-05,3.936e-05,1.638
denominated,1,,1.407e-05,41,1780,1.356e-05,4.880e-06,2.883
deposit,1,,1.432e-05,42,1780,1.466e-05,3.750e-05,0.382
depredations,1,,8.411e-06,42,1780,5.896e-06,5.157e-06,1.631
descend,1,,1.732e-05,42,1780,1.821e-05,1.107e-05,1.565
described,15,,7.852e-05,42,1780,8.616e-05,1.456e-04,0.539
description,17,,8.293e-05,42,1780,9.147e-05,7.907e-05,1.049
despatched,1,,4.335e-06,39,1780,1.272e-05,5.269e-06,0.823
detailed,1,,8.535e-06,42,1780,1.348e-05,1.992e-05,0.428
different,1,,2.938e-04,42,1780,2.901e-04,2.420e-04,1.214
difficulties,4,,4.483e-05,42,1780,4.926e-05,3.730e-05,1.202
difficulty,1,,7.529e-05,42,1780,8.531e-05,7.116e-05,1.058
directed,1,,1.709e-04,42,1780,1.139e-04,8.659e-05,1.974
disappointment,1,,1.416e-05,42,1780,1.497e-05,1.093e-05,1.295
disciplining,1,,1.178e-06,38,1780,8.737e-07,5.227e-07,2.254
discover,1,,4.366e-05,42,1780,3.893e-05,2.451e-05,1.781
discovered,2,,8.409e-05,42,1780,7.794e-05,6.273e-05,1.341
discovering,3,,8.859e-06,42,1780,7.682e-06,5.287e-06,1.676
distinction,1,,5.043e-05,42,1780,5.612e-05,4.150e-05,1.215
distress,2,,5.528e-05,42,1780,4.292e-05,2.032e-05,2.721
distributed,1,,2.004e-05,42,1780,2.300e-05,2.598e-05,0.771
divided,1,,8.526e-05,42,1780,7.648e-05,6.741e-05,1.265
divides,1,,7.348e-06,42,1780,6.338e-06,5.681e-06,1.293
do,1,,8.530e-04,42,1780,1.032e-03,1.106e-03,0.771
dog,1,proper,2.231e-05,42,1780,2.502e-05,3.160e-05,0.706
dogs,1,,1.473e-05,42,1780,1.559e-05,1.905e-05,0.773
door,1,,5.428e-05,42,1780,8.059e-05,9.591e-05,0.566
down,2,,2.904e-04,42,1780,3.604e-04,4.089e-04,0.710
drawing,1,,3.224e-05,42,1780,4.035e-05,5.444e-05,0.592
dress,4,,3.195e-05,42,1780,3.910e-05,3.839e-05,0.832
drewyer,1,proper,9.830e-08,5,1806,5.514e-08,1.568e-08,6.267
during,2,,3.203e-04,42,1780,3.597e-04,4.679e-04,0.685
each,2,,5.437e-04,42,1780,5.388e-04,6.330e-04,0.859
early,2,,1.174e-04,42,1780,1.576e-04,1.849e-04,0.635
ease,1,,3.813e-05,42,1780,3.372e-05,2.603e-05,1.465
eastern,1,,4.900e-05,42,1780,5.247e-05,6.251e-05,0.784
easy,1,,7.478e-05,42,1780,7.157e-05,6.655e-05,1.124
economy,1,,2.173e-05,42,1780,3.339e-05,3.281e-05,0.662
elk,2,,6.282e-06,41,1780,2.443e-06,3.964e-06,1.585
embark,2,,6.164e-06,42,1780,5.346e-06,3.072e-06,2.007
embarrassments,1,,6.731e-06,42,1780,6.583e-06,2.953e-06,2.279
employed,3,,1.506e-04,42,1780,1.499e-04,1.226e-04,1.228
encamp,5,,1.439e-06,37,1780,1.174e-06,8.401e-07,1.713
encamped,1,,7.773e-06,42,1780,7.464e-06,6.395e-06,1.215
encampment,1,,4.230e-06,40,1780,5.730e-06,5.961e-06,0.710
encounter,2,,1.062e-05,42,1780,1.326e-05,9.265e-06,1.147
encountered,1,,5.819e-06,42,1780,1.043e-05,1.115e-05,0.522
engaged,1,,8.435e-05,42,1780,9.277e-05,8.781e-05,0.961
enlisted,1,,5.452e-06,42,1780,6.234e-06,1.862e-05,0.293
enter,1,,1.048e-04,42,1780,9.682e-05,8.184e-05,1.280
enterprize,1,,8.814e-06,42,1780,4.590e-06,4.738e-07,18.604
enters,1,,1.490e-05,42,1780,1.728e-05,1.725e-05,0.864
entertained,1,,3.602e-05,42,1780,3.492e-05,2.023e-05,1.781
entitled,1,,2.139e-04,42,1780,1.929e-04,1.833e-04,1.167
enumeration,1,,8.297e-06,41,1780,6.924e-06,5.711e-06,1.453
equally,1,,1.100e-04,42,1780,1.018e-04,7.126e-05,1.543
escape,5,,5.210e-05,42,1780,5.868e-05,5.086e-05,1.024
established,1,,1.321e-04,42,1780,1.349e-04,1.227e-04,1.077
etc,10,,5.728e-06,42,1780,2.594e-06,2.513e-05,0.228
every,1,,1.063e-03,42,1780,9.820e-04,6.860e-04,1.549
except,2,,1.643e-04,42,1780,1.582e-04,1.882e-04,0.873
excessively,1,,3.452e-06,41,1780,4.246e-06,3.969e-06,0.870
excited,1,,3.855e-05,42,1780,4.798e-05,2.762e-05,1.395
excursions,1,,4.220e-06,41,1780,4.483e-06,4.009e-06,1.052
exhausted,1,,2.016e-05,42,1780,2.501e-05,2.242e-05,0.900
expedition,6,,5.563e-05,42,1780,4.134e-05,3.831e-05,1.452
explore,1,,4.944e-06,42,1780,4.776e-06,3.499e-06,1.413
explores,2,,3.729e-07,33,1785,3.275e-07,2.420e-07,1.541
exploring,3,,2.297e-06,41,1780,4.552e-06,4.315e-06,0.532
explosion,1,,4.824e-06,40,1780,6.427e-06,8.174e-06,0.590
extraordinary,1,,6.809e-05,42,1780,6.664e-05,4.019e-05,1.694
extreme,1,,4.165e-05,42,1780,4.453e-05,4.485e-05,0.928
falls,4,,4.183e-05,42,1780,4.447e-05,4.995e-05,0.837
families,1,,5.739e-05,42,1780,5.145e-05,4.448e-05,1.290
family,3,,1.668e-04,42,1780,1.746e-04,1.656e-04,1.007
far,1,,3.211e-04,42,1780,3.837e-04,3.728e-04,0.861
father,2,,2.447e-04,42,1780,2.874e-04,2.283e-04,1.072
favour,1,,1.188e-04,42,1780,7.003e-05,1.578e-05,7.531
favourable,1,,3.911e-05,42,1780,2.541e-05,5.592e-06,6.994
feet,4,,1.660e-04,42,1780,2.260e-04,3.511e-04,0.473
felt,1,,8.230e-05,42,1780,1.363e-04,1.181e-04,0.697
fidelity,1,,2.087e-05,42,1780,2.002e-05,1.394e-05,1.497
fifty,1,,9.047e-05,42,1780,1.005e-04,1.233e-04,0.734
fire,3,,1.440e-04,42,1780,1.570e-04,1.830e-04,0.787
first,4,,8.954e-04,42,1780,9.919e-04,1.031e-03,0.869
fish,1,,4.996e-05,42,1780,4.108e-05,6.249e-05,0.800
five,3,,2.729e-04,42,1780,2.789e-04,3.290e-04,0.829
fix,1,,4.434e-05,42,1780,2.323e-05,2.098e-05,2.113
flags,1,,4.829e-06,41,1780,3.376e-06,5.749e-06,0.840
fleetness,1,,2.157e-07,27,1781,4.181e-07,2.487e-07,0.868
flints,1,,1.823e-06,41,1780,1.246e-06,8.531e-07,2.137
floyd,1,proper,4.087e-06,37,1781,4.086e-06,4.153e-06,0.984
following,1,,3.416e-04,42,1780,3.365e-04,3.684e-04,0.927
food,2,,5.933e-05,42,1780,6.947e-05,8.922e-05,0.665
for,19,,6.912e-03,42,1780,6.620e-03,7.011e-03,0.986
forecastle,1,,7.313e-07,32,1780,1.229e-06,1.241e-06,0.589
fork,4,,5.400e-06,42,1780,6.241e-06,1.202e-05,0.449
forks,3,,2.400e-06,41,1780,3.090e-06,5.241e-06,0.458
form,1,,2.888e-04,42,1780,3.094e-04,3.299e-04,0.875
formed,1,,1.614e-04,42,1780,1.633e-04,1.317e-04,1.226
formidable,1,,2.186e-05,42,1780,2.157e-05,1.367e-05,1.599
fort,3,,9.102e-05,42,1780,5.972e-05,8.533e-05,1.067
fortifications,1,,9.338e-06,41,1780,1.192e-05,8.057e-06,1.159
fortitude,1,,1.199e-05,42,1780,8.401e-06,3.681e-06,3.258
found,1,,5.117e-04,42,1780,5.095e-04,5.323e-04,0.961
fountain,1,,1.410e-05,42,1780,1.963e-05,1.467e-05,0.961
fourteen,2,,2.984e-05,42,1780,2.762e-05,2.982e-05,1.000
freezing,1,,3.085e-06,39,1780,3.289e-06,5.807e-06,0.531
french,1,proper,2.331e-04,42,1780,1.879e-04,1.654e-04,1.410
friday,1,,2.851e-05,42,1780,1.816e-05,1.849e-05,1.542
friendly,1,,3.592e-05,42,1780,3.135e-05,2.533e-05,1.418
friendship,1,,5.797e-05,42,1780,4.282e-05,2.511e-05,2.308
from,11,,4.573e-03,42,1780,4.522e-03,4.240e-03,1.079
frozen,1,,9.011e-06,41,1780,8.206e-06,9.017e-06,0.999
full,1,,2.258e-04,42,1780,2.387e-04,2.595e-04,0.870
gallatin,1,proper,2.895e-06,33,1783,4.608e-06,3.479e-06,0.832
game,5,,1.681e-05,42,1780,1.941e-05,2.820e-05,0.596
gasconade,1,,1.377e-07,27,1787,2.846e-07,3.325e-07,0.414
gates,1,proper,2.956e-05,42,1780,2.937e-05,2.448e-05,1.208
gave,1,,2.063e-04,42,1780,2.120e-04,1.891e-04,1.091
general,3,,9.900e-04,42,1780,7.287e-04,7.568e-04,1.308
generally,1,,1.808e-04,42,1780,1.935e-04,1.682e-04,1.075
geographical,1,,5.821e-06,42,1780,8.878e-06,1.320e-05,0.441
george,1,proper,1.156e-04,42,1780,1.064e-04,1.523e-04,0.759
given,4,,4.471e-04,42,1780,4.362e-04,4.310e-04,1.037
gives,1,,1.022e-04,42,1780,1.017e-04,1.102e-04,0.927
go,1,,2.420e-04,42,1780,2.774e-04,3.063e-04,0.790
goats,1,,7.138e-06,41,1780,5.407e-06,4.055e-06,1.760
gone,1,,6.803e-05,42,1780,8.825e-05,9.306e-05,0.731
government,4,,4.589e-04,42,1780,4.542e-04,4.003e-04,1.147
grand,1,proper,8.353e-05,42,1780,8.292e-05,1.138e-04,0.734
gratuitously,1,,1.501e-06,38,1781,3.243e-06,2.402e-06,0.625
great,5,,1.153e-03,42,1780,1.094e-03,9.307e-04,1.239
greatest,1,,1.340e-04,42,1780,1.133e-04,8.725e-05,1.536
habits,1,,3.591e-05,42,1780,5.466e-05,3.983e-05,0.901
had,14,,2.693e-03,42,1780,2.982e-03,2.660e-03,1.013
hail,1,,1.323e-05,42,1780,1.167e-05,9.452e-06,1.399
half,1,,2.166e-04,42,1780,2.502e-04,3.009e-04,0.720
handkerchiefs,1,,9.955e-07,39,1780,1.613e-06,1.892e-06,0.526
has,1,,1.634e-03,42,1780,1.937e-03,2.051e-03,0.797
have,2,,3.799e-03,42,1780,3.860e-03,3.436e-03,1.106
having,4,,5.841e-04,42,1780,5.451e-04,4.927e-04,1.185
he,6,,5.461e-03,42,1780,5.710e-03,4.790e-03,1.140
heard,1,,1.545e-04,42,1780,1.896e-04,1.666e-04,0.928
held,9,,1.754e-04,42,1780,2.219e-04,3.118e-04,0.562
her,2,,1.246e-03,42,1780,1.643e-03,1.607e-03,0.776
herds,1,,4.618e-06,41,1780,5.483e-06,6.390e-06,0.723
heroism,1,,3.135e-06,39,1780,3.496e-06,4.264e-06,0.735
highest,1,,7.114e-05,42,1780,8.685e-05,8.378e-05,0.849
him,5,,2.062e-03,42,1780,2.027e-03,1.603e-03,1.286
himself,2,,5.367e-04,42,1780,5.634e-04,4.154e-04,1.292
hint,1,,1.080e-05,42,1780,9.461e-06,8.362e-06,1.291
his,16,,5.896e-03,42,1780,6.095e-03,4.758e-03,1.239
history,1,,1.816e-04,42,1780,2.172e-04,2.394e-04,0.759
hitherto,1,,5.307e-05,42,1780,4.685e-05,3.140e-05,1.690
homage,1,,1.078e-05,41,1781,1.185e-05,7.038e-06,1.532
home,2,,1.164e-04,42,1780,1.603e-04,2.286e-04,0.509
honour,1,,1.341e-04,42,1780,8.173e-05,2.001e-05,6.702
horses,4,,6.251e-05,42,1780,6.423e-05,6.990e-05,0.894
hospitably,1,,1.027e-06,37,1780,1.056e-06,8.716e-07,1.178
hospitality,2,,8.972e-06,42,1780,1.036e-05,8.216e-06,1.092
however,3,,4.122e-04,42,1780,4.490e-04,3.639e-04,1.133
hunt,2,,1.334e-05,42,1780,1.647e-05,2.117e-05,0.630
hunter,2,,1.197e-05,42,1780,1.623e-05,1.939e-05,0.617
hunters,2,,4.349e-06,40,1780,5.138e-06,5.706e-06,0.762
hunting,2,,1.314e-05,42,1780,1.344e-05,1.514e-05,0.868
ice,1,,3.127e-05,42,1780,2.565e-05,4.394e-05,0.712
idolatry,1,,1.140e-05,39,1780,1.285e-05,4.989e-06,2.284
if,2,,1.844e-03,42,1780,1.885e-03,1.709e-03,1.079
ill,1,,8.597e-05,42,1780,7.395e-05,6.698e-05,1.284
illustrated,1,,1.257e-05,42,1780,1.781e-05,4.253e-05,0.296
immediate,1,,7.154e-05,42,1780,7.039e-05,5.821e-05,1.229
immense,1,,3.434e-05,42,1780,4.676e-05,3.831e-05,0.896
importance,1,,1.018e-04,42,1780,1.114e-04,9.592e-05,1.062
impossible,1,,7.356e-05,42,1780,7.908e-05,8.003e-05,0.919
improving,1,,1.522e-05,42,1780,1.453e-05,1.403e-05,1.085
in,46,,1.709e-02,42,1780,1.743e-02,1.755e-02,0.974
inconvenience,1,,1.934e-05,42,1780,1.714e-05,1.074e-05,1.801
increase,1,,9.633e-05,42,1780,1.119e-04,1.288e-04,0.748
increased,1,,6.940e-05,42,1780,9.204e-05,1.011e-04,0.686
indeed,1,,2.367e-04,42,1780,2.448e-04,1.654e-04,1.432
indian,7,,8.534e-05,42,1780,1.005e-04,1.076e-04,0.793
indians,14,proper,1.160e-04,42,1780,1.217e-04,1.060e-04,1.095
information,1,,1.329e-04,42,1780,1.122e-04,1.076e-04,1.235
inquire,1,,2.561e-05,42,1780,4.366e-05,2.526e-05,1.014
instance,7,,1.044e-04,42,1780,1.002e-04,8.301e-05,1.258
instructions,1,,5.683e-05,42,1780,5.193e-05,5.128e-05,1.108
insufficient,1,,1.160e-05,42,1780,1.298e-05,1.479e-05,0.785
intention,1,,7.021e-05,42,1780,6.316e-05,5.250e-05,1.337
interest,1,,2.394e-04,42,1780,2.921e-04,3.211e-04,0.746
interesting,2,,5.905e-05,42,1780,8.448e-05,7.864e-05,0.751
interpreter,1,,6.411e-06,41,1780,8.435e-06,6.165e-06,1.040
interview,3,,1.337e-05,42,1780,1.597e-05,1.549e-05,0.863
into,5,,1.303e-03,42,1780,1.299e-03,1.144e-03,1.139
introduction,1,,3.170e-05,42,1780,3.800e-05,4.388e-05,0.723
is,8,,7.869e-03,42,1780,8.405e-03,8.538e-03,0.922
islands,6,,7.532e-05,42,1780,5.686e-05,4.745e-05,1.587
it,6,,7.483e-03,42,1780,7.944e-03,7.263e-03,1.030
its,3,,1.262e-03,42,1780,1.783e-03,1.825e-03,0.691
itself,1,,1.961e-04,42,1780,2.501e-04,2.257e-04,0.869
jealous,1,,1.409e-05,42,1780,1.292e-05,9.340e-06,1.508
jefferson,5,proper,2.622e-05,42,1780,2.642e-05,2.827e-05,0.927
join,1,,5.720e-05,42,1780,4.200e-05,3.135e-05,1.825
joined,1,,5.958e-05,42,1780,4.968e-05,3.981e-05,1.497
journey,5,,4.941e-05,42,1780,4.677e-05,3.814e-05,1.295
judith,1,proper,1.241e-06,35,1782,1.658e-06,2.869e-06,0.433
junction,2,,1.018e-05,42,1780,1.082e-05,1.712e-05,0.595
jurisdiction,1,,6.917e-05,42,1780,7.043e-05,7.984e-05,0.866
just,1,,2.306e-04,42,1780,2.701e-04,3.067e-04,0.752
justice,1,,2.436e-04,42,1780,1.937e-04,1.494e-04,1.630
kanzas,1,proper,8.116e-08,18,1796,3.550e-07,1.457e-07,0.557
keel,1,,2.777e-06,39,1780,2.871e-06,3.117e-06,0.891
kentucky,2,proper,1.861e-05,40,1782,3.833e-05,4.074e-05,0.457
kept,1,,1.256e-04,42,1780,1.237e-04,1.359e-04,0.924
killed,1,,6.368e-05,42,1780,5.004e-05,6.101e-05,1.044
killing,1,,1.031e-05,42,1780,8.646e-06,1.395e-05,0.739
kinds,1,,5.045e-05,42,1780,4.946e-05,5.608e-05,0.900
knives,1,,3.512e-06,42,1780,4.441e-06,6.253e-06,0.562
kooskooskee,1,proper,3.228e-08,7,1806,6.244e-08,1.889e-08,1.709
la,1,proper,8.513e-05,42,1780,7.062e-05,8.229e-05,1.034
labour,1,,7.568e-05,42,1780,5.838e-05,1.393e-05,5.432
laced,1,,1.447e-06,39,1780,1.748e-06,1.675e-06,0.864
large,2,,2.722e-04,42,1780,3.184e-04,4.218e-04,0.645
last,2,,4.765e-04,42,1780,5.091e-04,5.043e-04,0.945
le,1,proper,4.143e-05,42,1780,3.621e-05,3.666e-05,1.130
leave,2,,1.887e-04,42,1780,1.832e-04,1.597e-04,1.181
leaves,1,,8.728e-05,42,1780,8.050e-05,8.675e-05,1.006
led,1,,8.102e-05,42,1780,9.998e-05,8.426e-05,0.962
left,1,,2.778e-04,42,1780,2.941e-04,3.138e-04,0.885
leggings,1,,8.821e-08,23,1780,1.903e-07,3.432e-07,0.257
length,1,,1.672e-04,42,1780,1.830e-04,1.686e-04,0.992
lewis,19,,4.365e-05,42,1780,3.156e-05,3.537e-05,1.234
lewis's,2,proper,0.000e+00,0,,0.000e+00,0.000e+00,
life,1,,4.958e-04,42,1780,5.804e-04,5.820e-04,0.852
lights,1,,1.358e-05,42,1780,1.837e-05,2.331e-05,0.583
like,1,,4.509e-04,42,1780,5.405e-04,5.624e-04,0.802
little,3,proper,4.669e-04,42,1780,5.356e-04,5.853e-04,0.798
lockers,1,,7.503e-08,25,1781,1.194e-07,3.006e-07,0.250
locks,1,,7.308e-06,42,1780,1.472e-05,1.217e-05,0.601
lodge,1,,1.700e-05,42,1780,1.882e-05,3.267e-05,0.520
long,1,,4.503e-04,42,1780,4.962e-04,5.127e-04,0.878
lookingglasses,1,,4.275e-08,20,1799,5.563e-08,3.538e-08,1.208
louis,1,,2.427e-05,42,1780,4.298e-05,7.596e-05,0.320
louisiana,1,proper,1.849e-05,40,1780,3.033e-05,3.146e-05,0.588
louisville,1,proper,1.869e-06,34,1782,7.720e-06,1.515e-05,0.123
made,1,,1.171e-03,42,1780,1.148e-03,1.209e-03,0.968
madison,1,proper,1.998e-05,42,1780,1.749e-05,2.234e-05,0.894
magnificent,1,,1.532e-05,42,1780,2.342e-05,2.211e-05,0.693
main,8,,4.951e-05,42,1780,5.611e-05,9.764e-05,0.507
make,1,,6.372e-04,42,1780,5.676e-04,5.570e-04,1.144
making,5,,2.105e-04,42,1780,2.084e-04,2.306e-04,0.913
man,2,,8.078e-04,42,1780,8.842e-04,7.614e-04,1.061
mandan,2,proper,2.356e-07,21,1789,3.067e-07,2.772e-07,0.850
mandans,8,proper,1.596e-07,17,1800,3.308e-07,2.841e-07,0.562
manner,2,,4.120e-04,42,1780,3.342e-04,2.421e-04,1.702
manners,4,,6.646e-05,42,1780,5.351e-05,2.689e-05,2.471
master,1,,1.676e-04,42,1780,1.548e-04,1.288e-04,1.301
materials,1,,4.700e-05,42,1780,4.979e-05,4.994e-05,0.941
medals,1,,4.080e-06,41,1780,3.204e-06,4.137e-06,0.986
medicine,4,,3.091e-05,42,1780,3.161e-05,4.384e-05,0.705
men,5,,7.214e-04,42,1780,6.964e-04,6.415e-04,1.125
mentioned,1,,2.351e-04,42,1780,1.537e-04,1.248e-04,1.883
mercury,3,,2.183e-05,42,1780,2.088e-05,1.939e-05,1.126
meriwether,1,proper,5.587e-07,30,1781,9.133e-07,4.232e-07,1.320
method,1,,8.876e-05,42,1780,6.490e-05,9.666e-05,0.918
middle,2,,7.848e-05,42,1780,7.348e-05,9.042e-05,0.868
might,1,,5.998e-04,42,1780,6.163e-04,4.503e-04,1.332
miles,2,,1.801e-04,42,1780,1.963e-04,2.391e-04,0.753
milk,1,,2.429e-05,41,1780,2.698e-05,5.270e-05,0.461
mine,1,proper,6.063e-05,42,1780,6.431e-05,7.577e-05,0.800
minnetarees,2,proper,5.794e-08,7,1806,8.899e-08,2.617e-08,2.214
missing,1,,5.355e-06,42,1780,4.141e-06,7.861e-06,0.681
mississippi,1,proper,2.788e-05,42,1780,4.748e-05,5.530e-05,0.504
missouri,20,proper,1.202e-05,35,1783,2.937e-05,5.615e-05,0.214
moccasins,1,,1.316e-07,20,1780,4.876e-07,6.369e-07,0.207
mode,8,,9.511e-05,42,1780,1.029e-04,6.673e-05,1.425
month,1,,1.123e-04,42,1780,8.945e-05,1.078e-04,1.042
more,3,,1.511e-03,42,1780,1.592e-03,1.424e-03,1.061
morning,1,,1.479e-04,42,1780,1.557e-04,1.560e-04,0.948
most,2,,9.345e-04,42,1780,1.028e-03,8.140e-04,1.148
mountains,4,,7.416e-05,42,1780,7.872e-05,6.858e-05,1.081
mouth,3,,7.442e-05,42,1780,7.993e-05,8.072e-05,0.922
much,1,,8.351e-04,42,1780,8.393e-04,7.219e-04,1.157
muscleshell,1,,8.205e-09,4,1814,1.293e-08,3.488e-08,0.235
name,1,,3.945e-04,42,1780,3.798e-04,3.445e-04,1.145
names,1,,9.790e-05,42,1780,9.615e-05,9.920e-05,0.987
narrow,4,,3.949e-05,42,1780,4.333e-05,5.171e-05,0.764
nation,4,,1.818e-04,42,1780,1.570e-04,9.852e-05,1.845
natives,1,,4.360e-05,42,1780,3.554e-05,2.403e-05,1.814
nature,1,,4.212e-04,42,1780,3.913e-04,2.824e-04,1.492
navigable,1,,1.044e-05,42,1780,1.058e-05,9.450e-06,1.105
near,1,,2.346e-04,42,1780,2.274e-04,2.453e-04,0.956
nearly,1,,1.230e-04,42,1780,1.674e-04,1.971e-04,0.624
necessary,3,,3.671e-04,42,1780,3.284e-04,2.988e-04,1.228
necessity,1,,1.132e-04,42,1780,1.053e-04,8.604e-05,1.316
neeshuabatona,1,proper,0.000e+00,0,,0.000e+00,0.000e+00,
neighbours,1,,2.243e-05,42,1780,1.532e-05,3.687e-06,6.085
nemahar,1,proper,5.928e-09,2,1796,1.618e-09,1.755e-10,33.775
new,2,,8.123e-04,42,1780,8.548e-04,1.119e-03,0.726
newahaw,1,proper,0.000e+00,0,,0.000e+00,0.000e+00,
night,4,,1.673e-04,42,1780,1.934e-04,2.127e-04,0.787
nine,2,,9.112e-05,42,1780,7.942e-05,8.655e-05,1.053
no,2,,1.857e-03,42,1780,1.937e-03,1.868e-03,0.994
nodawa,1,proper,2.620e-09,5,1814,5.342e-09,1.322e-09,1.982
northern,2,,4.951e-05,42,1780,5.771e-05,7.762e-05,0.638
nose,2,,1.314e-05,41,1780,1.606e-05,2.003e-05,0.656
not,3,,4.901e-03,42,1780,5.305e-03,4.962e-03,0.988
now,1,,8.410e-04,42,1780,1.028e-03,9.628e-04,0.873
number,1,,3.922e-04,42,1780,3.842e-04,4.307e-04,0.911
oars,2,,3.701e-06,41,1780,3.842e-06,3.658e-06,1.012
obliged,2,,1.287e-04,42,1780,7.889e-05,4.955e-05,2.597
observed,1,,1.536e-04,42,1780,1.306e-04,9.272e-05,1.657
occurred,1,,2.921e-05,42,1780,5.009e-05,6.071e-05,0.481
ocean,1,,4.191e-05,42,1780,5.012e-05,4.507e-05,0.930
of,211,,4.033e-02,42,1780,4.079e-02,3.880e-02,1.039
off,1,,2.393e-04,42,1780,2.441e-04,2.567e-04,0.932
officers,1,,2.561e-04,42,1780,1.746e-04,1.883e-04,1.360
official,1,,2.455e-05,42,1780,3.384e-05,5.465e-05,0.449
officially,1,,3.534e-06,41,1780,3.869e-06,5.319e-06,0.664
on,20,,4.991e-03,42,1780,4.901e-03,4.924e-03,1.014
one,11,,2.068e-03,42,1780,2.279e-03,2.464e-03,0.839
open,1,,1.413e-04,42,1780,1.515e-04,1.698e-04,0.832
or,8,,5.234e-03,42,1780,4.524e-03,4.475e-03,1.170
order,1,,5.190e-04,42,1780,4.306e-04,4.516e-04,1.149
origin,1,,4.638e-05,42,1780,5.755e-05,5.953e-05,0.779
original,1,,1.447e-04,42,1780,1.343e-04,1.390e-04,1.041
ornaments,1,,1.247e-05,42,1780,1.283e-05,9.009e-06,1.384
osage,3,,9.747e-07,24,1789,1.896e-06,2.690e-06,0.362
other,4,,1.630e-03,42,1780,1.531e-03,1.489e-03,1.094
otto,1,proper,1.508e-06,41,1780,1.324e-06,4.386e-06,0.344
ottoes,1,proper,1.398e-07,11,1796,1.873e-07,1.303e-07,1.073
our,1,,1.686e-03,42,1780,1.820e-03,1.325e-03,1.272
out,5,,8.276e-04,42,1780,8.498e-04,9.664e-04,0.856
over,1,,4.494e-04,42,1780,5.575e-04,6.519e-04,0.689
overtaken,1,,3.423e-06,41,1780,3.506e-06,2.774e-06,1.234
overtaking,1,,4.045e-07,36,1780,5.155e-07,5.197e-07,0.778
own,1,,6.672e-04,42,1780,7.467e-04,5.661e-04,1.179
pacific,1,proper,1.404e-05,42,1780,2.018e-05,5.668e-05,0.248
paid,1,,2.240e-04,42,1780,2.098e-04,2.647e-04,0.846
pains,1,,3.941e-05,42,1780,3.278e-05,2.681e-05,1.470
paints,1,,1.978e-06,39,1780,2.416e-06,3.666e-06,0.540
pair,1,,2.051e-05,42,1780,2.264e-05,3.258e-05,0.630
part,3,,8.133e-04,42,1780,7.356e-04,6.350e-04,1.281
particular,2,,2.340e-04,42,1780,1.824e-04,1.187e-04,1.971
particularly,3,,1.414e-04,42,1780,1.173e-04,6.627e-05,2.134
parturition,1,,7.619e-07,33,1783,9.409e-07,1.419e-06,0.537
party,40,,1.938e-04,42,1780,2.306e-04,2.345e-04,0.826
pass,4,,1.354e-04,42,1780,1.502e-04,1.424e-04,0.951
passed,2,,2.388e-04,42,1780,2.618e-04,2.608e-04,0.915
passes,1,,2.794e-05,42,1780,3.477e-05,3.829e-05,0.730
passing,2,,6.530e-05,42,1780,7.731e-05,7.829e-05,0.834
past,1,,8.010e-05,42,1780,1.106e-04,1.427e-04,0.562
pawkees,1,proper,4.506e-09,5,1806,3.338e-10,5.398e-10,8.348
pawnee,1,proper,2.650e-07,27,1789,1.044e-06,1.584e-06,0.167
peace,1,,2.959e-04,42,1780,2.075e-04,1.368e-04,2.163
peculiar,1,,8.179e-05,42,1780,1.032e-04,7.849e-05,1.042
perform,1,,5.016e-05,42,1780,4.998e-05,4.024e-05,1.246
perilous,1,,4.807e-06,41,1780,7.839e-06,5.956e-06,0.807
perioques,1,,7.817e-10,2,1814,1.325e-10,4.294e-10,1.820
perished,1,,1.185e-05,42,1780,1.450e-05,9.107e-06,1.301
person,1,,4.679e-04,42,1780,3.397e-04,2.748e-04,1.703
persons,1,,4.012e-04,42,1780,3.209e-04,2.452e-04,1.636
petit,1,proper,5.526e-06,42,1780,4.085e-06,3.995e-06,1.383
phenomena,1,,1.277e-05,39,1781,2.351e-05,2.877e-05,0.444
philanthropy,1,proper,2.978e-06,39,1782,5.041e-06,3.244e-06,0.918
philosophy,1,proper,3.963e-05,42,1780,5.592e-05,4.901e-05,0.808
pierced,2,proper,4.880e-06,42,1780,6.176e-06,5.783e-06,0.844
place,1,,6.043e-04,42,1780,5.992e-04,5.361e-04,1.127
planned,1,,4.793e-06,42,1780,4.225e-06,6.325e-06,0.758
platte,1,proper,5.213e-07,28,1780,1.798e-06,3.737e-06,0.139
pleasing,1,,3.708e-05,42,1780,2.782e-05,1.420e-05,2.610
point,2,,2.614e-04,42,1780,2.686e-04,3.185e-04,0.821
policy,1,,8.363e-05,42,1780,8.941e-05,9.684e-05,0.864
porcupine,1,,1.123e-06,35,1783,8.467e-07,9.290e-07,1.209
portage,1,,2.812e-06,39,1782,3.372e-06,3.976e-06,0.707
portion,1,,7.969e-05,42,1780,1.447e-04,1.633e-04,0.488
poscopsahe,1,,7.414e-10,1,1814,6.440e-10,5.430e-10,1.365
powder,1,,2.949e-05,42,1780,2.526e-05,2.890e-05,1.021
power,1,,5.431e-04,42,1780,5.935e-04,4.639e-04,1.171
prairie,1,,2.516e-06,30,1783,8.345e-06,1.480e-05,0.170
prairies,1,,9.058e-07,27,1783,4.623e-06,5.538e-06,0.164
precedes,2,,2.466e-06,41,1780,3.173e-06,3.152e-06,0.782
preceding,1,,6.380e-05,42,1780,6.826e-05,5.522e-05,1.155
preparations,1,,2.304e-05,42,1780,2.055e-05,2.086e-05,1.105
prepare,1,,3.640e-05,42,1780,3.529e-05,2.783e-05,1.308
preparing,1,,2.503e-05,42,1780,2.636e-05,2.400e-05,1.043
presents,2,,3.659e-05,42,1780,4.378e-05,3.750e-05,0.976
preservation,1,,3.031e-05,42,1780,2.736e-05,2.117e-05,1.432
preserve,1,,5.059e-05,42,1780,4.324e-05,2.684e-05,1.885
president,2,,2.623e-04,42,1780,2.436e-04,2.949e-04,0.889
prevent,1,,1.303e-04,42,1780,1.006e-04,9.157e-05,1.423
prevented,1,,4.743e-05,42,1780,4.006e-05,3.019e-05,1.571
prisoner,1,,5.048e-05,42,1780,4.353e-05,3.738e-05,1.351
private,1,,1.461e-04,42,1780,1.237e-04,1.275e-04,1.146
privates,1,,9.916e-06,41,1780,4.160e-06,4.321e-06,2.295
proceed,3,,1.205e-04,42,1780,8.590e-05,5.556e-05,2.169
proceeded,1,,7.991e-05,42,1780,7.250e-05,4.553e-05,1.755
proceeds,1,,3.764e-05,42,1780,4.176e-05,3.855e-05,0.976
process,1,,7.302e-05,42,1780,8.491e-05,1.089e-04,0.671
procuring,2,,1.907e-05,42,1780,1.405e-05,9.863e-06,1.933
proper,1,,2.825e-04,42,1780,2.211e-04,1.996e-04,1.415
proved,1,,9.244e-05,42,1780,9.882e-05,8.801e-05,1.050
providential,1,,2.706e-06,41,1780,3.161e-06,2.355e-06,1.149
province,1,,8.310e-05,42,1780,6.407e-05,4.420e-05,1.880
provisions,2,,1.058e-04,42,1780,9.063e-05,1.007e-04,1.051
purpose,3,,2.703e-04,42,1780,2.787e-04,2.808e-04,0.963
put,1,,2.901e-04,42,1780,2.918e-04,2.798e-04,1.037
quantities,1,,3.256e-05,42,1780,2.828e-05,3.543e-05,0.919
quantity,1,,1.331e-04,42,1780,1.162e-04,9.510e-05,1.400
quest,3,,8.553e-06,42,1780,8.884e-06,6.663e-06,1.284
question,1,,2.407e-04,42,1780,3.299e-04,4.178e-04,0.576
quieurre,1,,0.000e+00,0,,0.000e+00,0.000e+00,
raised,1,,9.660e-05,42,1780,1.085e-04,9.511e-05,1.016
rapids,2,,3.579e-06,38,1783,4.932e-06,1.022e-05,0.350
ravenous,1,,9.602e-07,38,1780,1.141e-06,8.297e-07,1.157
reach,1,,4.534e-05,42,1780,5.809e-05,6.678e-05,0.679
received,2,,3.917e-04,42,1780,3.430e-04,3.152e-04,1.243
receiving,1,,5.102e-05,42,1780,4.502e-05,4.546e-05,1.122
reconciled,1,,1.156e-05,42,1780,1.119e-05,5.602e-06,2.063
reduced,1,,6.946e-05,42,1780,6.266e-05,5.800e-05,1.198
reflection,1,,2.922e-05,42,1780,3.229e-05,1.936e-05,1.510
religion,1,,1.973e-04,42,1780,1.937e-04,9.160e-05,2.154
remainder,1,,4.410e-05,42,1780,4.190e-05,3.161e-05,1.395
remarkable,2,,6.878e-05,42,1780,7.573e-05,6.570e-05,1.047
repair,1,,3.602e-05,42,1780,2.613e-05,2.738e-05,1.315
repelling,1,,2.258e-06,39,1781,2.059e-06,1.439e-06,1.570
reproved,1,,3.448e-06,40,1780,3.412e-06,1.298e-06,2.655
requisite,1,,3.200e-05,42,1780,3.125e-05,2.167e-05,1.477
researches,1,,1.024e-05,42,1780,1.376e-05,1.369e-05,0.748
resolve,1,,9.842e-05,42,1780,1.764e-05,1.103e-05,8.924
resolves,1,,1.157e-05,42,1780,6.532e-06,4.312e-06,2.683
result,1,,7.566e-05,42,1780,1.182e-04,1.585e-04,0.477
return,1,,2.303e-04,42,1780,1.920e-04,1.616e-04,1.425
returned,2,,1.318e-04,42,1780,1.280e-04,1.186e-04,1.112
returns,1,,4.739e-05,42,1780,3.318e-05,3.694e-05,1.283
ricara,3,proper,2.146e-08,9,1806,7.009e-08,7.166e-09,2.994
ricaras,2,proper,7.070e-08,13,1805,1.165e-07,1.645e-08,4.298
richly,1,,5.350e-06,42,1780,8.918e-06,7.113e-06,0.752
ridiculous,1,,1.589e-05,42,1780,1.303e-05,8.170e-06,1.945
rigours,1,,1.150e-06,39,1782,5.906e-07,1.056e-07,10.892
river,39,,2.571e-04,42,1780,2.454e-04,2.981e-04,0.862
rivers,5,,5.241e-05,42,1780,4.910e-05,4.221e-05,1.242
robe,1,,6.588e-06,42,1780,7.450e-06,5.933e-06,1.111
rocky,3,,1.083e-05,42,1780,1.554e-05,1.949e-05,0.556
romantic,2,,6.897e-06,41,1780,1.257e-05,9.437e-06,0.731
route,5,,2.015e-05,42,1780,3.407e-05,3.952e-05,0.510
running,1,,3.660e-05,42,1780,3.937e-05,6.335e-05,0.578
saddles,1,,1.302e-06,40,1780,1.407e-06,1.939e-06,0.672
safety,1,,6.907e-05,42,1780,6.315e-05,4.497e-05,1.536
salt,2,,5.298e-05,42,1780,5.366e-05,5.737e-05,0.923
same,5,,1.043e-03,42,1780,1.130e-03,1.033e-03,1.009
saturday,1,,2.930e-05,42,1780,2.389e-05,2.625e-05,1.117
savages,1,,1.707e-05,42,1780,1.381e-05,1.034e-05,1.651
saying,1,,5.784e-05,42,1780,7.390e-05,6.418e-05,0.901
scarcity,1,,1.121e-05,42,1780,6.635e-06,5.479e-06,2.045
scenery,1,,5.293e-06,37,1783,1.392e-05,1.220e-05,0.434
search,3,,2.846e-05,42,1780,3.255e-05,2.887e-05,0.986
season,3,,6.348e-05,42,1780,7.752e-05,8.303e-05,0.765
seat,1,,5.121e-05,42,1780,6.774e-05,6.206e-05,0.825
second,2,,2.831e-04,42,1780,2.940e-04,3.704e-04,0.764
secretary,1,,1.654e-04,42,1780,1.486e-04,2.042e-04,0.810
seeing,1,,5.276e-05,42,1780,5.497e-05,4.458e-05,1.183
send,1,,8.097e-05,42,1780,7.913e-05,8.653e-05,0.936
sending,1,,2.582e-05,42,1780,2.238e-05,2.190e-05,1.179
sent,3,,2.445e-04,42,1780,2.164e-04,2.084e-04,1.173
sergeant,1,,9.322e-06,41,1780,1.105e-05,1.619e-05,0.576
sergeants,1,,1.466e-06,38,1780,1.561e-06,2.192e-06,0.669
serious,1,,5.127e-05,42,1780,5.487e-05,5.444e-05,0.942
servant,1,,7.543e-05,42,1780,6.841e-05,5.889e-05,1.281
serve,1,,8.597e-05,42,1780,6.739e-05,5.853e-05,1.469
services,1,,1.174e-04,42,1780,7.865e-05,8.332e-05,1.409
set,3,,2.503e-04,42,1780,2.479e-04,2.837e-04,0.882
setting,1,,3.718e-05,42,1780,3.300e-05,3.506e-05,1.060
settlement,1,,6.532e-05,42,1780,6.082e-05,5.556e-05,1.176
seven,3,,1.658e-04,42,1780,1.314e-04,1.333e-04,1.244
several,2,,4.371e-04,42,1780,3.911e-04,3.254e-04,1.343
severity,2,,2.114e-05,42,1780,1.925e-05,1.204e-05,1.756
shannon,1,proper,1.576e-06,29,1789,2.027e-06,2.822e-06,0.559
share,1,,5.899e-05,42,1780,6.365e-05,5.627e-05,1.048
shield,1,,9.281e-06,42,1780,1.181e-05,1.127e-05,0.823
short,1,,1.758e-04,42,1780,1.838e-04,1.749e-04,1.005
shoshonee,2,proper,2.337e-08,7,1800,8.992e-08,7.816e-08,0.299
shoshonees,11,proper,5.714e-08,8,1806,8.161e-08,8.534e-08,0.670
shotahawrora,1,proper,4.942e-10,1,1814,6.440e-10,6.844e-11,7.222
sickness,1,,2.398e-05,42,1780,2.459e-05,1.976e-05,1.213
side,1,,2.297e-04,42,1780,2.616e-04,3.217e-04,0.714
single,1,,1.036e-04,42,1780,1.212e-04,1.270e-04,0.816
singular,5,,4.284e-05,42,1780,4.897e-05,2.975e-05,1.440
sioux,5,proper,1.354e-06,27,1788,2.829e-06,8.891e-06,0.152
sits,1,,6.811e-06,42,1780,8.382e-06,8.302e-06,0.820
situation,2,,1.506e-04,42,1780,1.059e-04,4.896e-05,3.076
six,2,,2.189e-04,42,1780,2.139e-04,2.353e-04,0.930
skin,1,,3.512e-05,42,1780,3.923e-05,4.909e-05,0.715
skins,1,,1.122e-05,42,1780,1.035e-05,1.168e-05,0.961
slaughter,1,,1.136e-05,42,1780,1.102e-05,8.713e-06,1.303
sleep,1,,3.158e-05,42,1780,4.816e-05,4.613e-05,0.685
sleigh,1,,1.532e-06,36,1781,1.524e-06,1.962e-06,0.781
slept,1,,8.231e-06,40,1780,1.247e-05,1.168e-05,0.705
slightest,1,,8.714e-06,42,1780,2.122e-05,1.823e-05,0.478
small,4,,2.977e-04,42,1780,2.892e-04,3.209e-04,0.928
smith's,1,proper,0.000e+00,0,,0.000e+00,0.000e+00,
snow,2,,2.562e-05,42,1780,3.243e-05,4.414e-05,0.580
so,1,,1.896e-03,42,1780,2.088e-03,1.929e-03,0.983
soldiers,2,,7.671e-05,42,1780,6.434e-05,6.695e-05,1.146
some,4,,1.253e-03,42,1780,1.341e-03,1.189e-03,1.054
soon,1,,2.842e-04,42,1780,2.985e-04,2.490e-04,1.141
source,2,,5.399e-05,42,1780,5.723e-05,4.975e-05,1.085
sources,1,,1.978e-05,42,1780,2.911e-05,3.117e-05,0.635
southern,3,,5.624e-05,42,1780,6.119e-05,9.157e-05,0.614
spanish,3,proper,5.242e-05,42,1780,5.502e-05,4.772e-05,1.099
spot,1,,3.852e-05,42,1780,5.695e-05,4.777e-05,0.806
spring,1,proper,7.002e-05,42,1780,8.440e-05,1.158e-04,0.605
squaresail,1,,1.779e-09,4,1807,9.995e-09,8.683e-09,0.205
squaw,1,,6.821e-07,32,1787,1.262e-06,1.376e-06,0.496
st,2,proper,3.697e-05,42,1780,3.574e-05,5.233e-05,0.707
standing,1,,5.886e-05,42,1780,6.771e-05,7.616e-05,0.773
states,5,proper,8.076e-04,42,1780,7.253e-04,6.936e-04,1.164
stern,1,,8.238e-06,42,1780,1.717e-05,1.634e-05,0.504
still,5,,3.365e-04,42,1780,4.330e-04,3.973e-04,0.847
stone,1,,7.517e-05,42,1780,8.532e-05,1.049e-04,0.716
stood,1,,6.406e-05,42,1780,9.306e-05,9.144e-05,0.701
stores,2,,4.424e-05,42,1780,2.567e-05,2.578e-05,1.716
storm,1,,2.940e-05,42,1780,3.591e-05,3.480e-05,0.845
strange,1,,4.281e-05,42,1780,5.993e-05,6.110e-05,0.701
strangers,1,,2.608e-05,42,1780,2.614e-05,1.602e-05,1.628
stream,1,,3.286e-05,42,1780,4.736e-05,5.464e-05,0.601
streams,1,,1.898e-05,42,1780,2.518e-05,2.693e-05,0.705
subdivided,1,,3.693e-06,41,1780,3.029e-06,3.133e-06,1.179
success,2,,1.062e-04,42,1780,1.101e-04,1.017e-04,1.044
such,1,,1.826e-03,42,1780,1.639e-03,1.535e-03,1.189
suffered,1,,6.628e-05,42,1780,6.445e-05,4.230e-05,1.567
sufferings,1,,2.862e-05,42,1780,3.312e-05,1.416e-05,2.022
summary,1,,1.297e-05,42,1780,1.366e-05,1.836e-05,0.706
summer,1,,4.951e-05,42,1780,6.368e-05,8.750e-05,0.566
sunday,1,,3.234e-05,42,1780,3.591e-05,4.879e-05,0.663
sunk,1,,1.813e-05,41,1780,2.385e-05,1.529e-05,1.186
sunrise,2,,1.526e-06,40,1780,3.761e-06,4.714e-06,0.324
superstition,1,,1.655e-05,42,1780,1.767e-05,8.910e-06,1.858
support,1,,1.664e-04,42,1780,1.445e-04,1.172e-04,1.419
surprising,1,,1.300e-05,41,1780,1.404e-05,1.085e-05,1.198
surrounding,9,,1.465e-05,41,1780,1.906e-05,2.289e-05,0.640
survived,1,,5.784e-06,42,1780,7.402e-06,6.817e-06,0.849
suspicions,1,,8.791e-06,42,1780,8.702e-06,5.223e-06,1.683
taken,1,,4.308e-04,42,1780,3.937e-04,3.889e-04,1.108
taking,2,,1.284e-04,42,1780,1.234e-04,1.291e-04,0.995
tansy,1,,7.688e-08,21,1798,1.591e-07,1.970e-07,0.390
task,1,,2.448e-05,42,1780,3.329e-05,2.959e-05,0.827
taste,1,,7.034e-05,42,1780,8.034e-05,5.381e-05,1.307
ten,1,,1.837e-04,42,1780,1.819e-04,2.021e-04,0.909
tenacity,1,,1.135e-06,38,1781,2.384e-06,3.128e-06,0.363
tenderest,1,,2.282e-06,39,1780,2.584e-06,1.845e-06,1.237
tents,1,,1.176e-05,42,1780,8.620e-06,9.008e-06,1.306
term,1,,1.295e-04,42,1780,1.280e-04,1.460e-04,0.887
territory,2,,7.121e-05,42,1780,8.572e-05,9.677e-05,0.736
terror,1,,2.667e-05,42,1780,2.643e-05,1.903e-05,1.401
teton,1,proper,2.227e-07,14,1783,1.464e-07,3.134e-07,0.711
tetons,1,proper,3.909e-08,11,1800,1.087e-07,1.209e-07,0.323
than,1,,1.277e-03,42,1780,1.350e-03,1.248e-03,1.023
that,10,,1.012e-02,42,1780,1.022e-02,9.070e-03,1.115
the,344,,6.376e-02,42,1780,6.583e-02,6.418e-02,0.993
their,37,,3.732e-03,42,1780,3.542e-03,2.480e-03,1.505
them,4,,2.381e-03,42,1780,2.235e-03,1.646e-03,1.447
thence,1,,8.920e-05,42,1780,5.892e-05,4.958e-05,1.799
therefore,1,,5.238e-04,42,1780,4.458e-04,3.154e-04,1.661
thermometer,1,,8.539e-06,39,1781,7.602e-06,8.813e-06,0.969
these,6,,1.234e-03,42,1780,1.391e-03,1.276e-03,0.968
they,15,,3.617e-03,42,1780,3.521e-03,2.673e-03,1.353
thin,1,,2.764e-05,42,1780,2.764e-05,4.053e-05,0.682
thing,1,,3.280e-04,42,1780,3.190e-04,2.051e-04,1.600
thirteen,1,,2.579e-05,42,1780,2.139e-05,2.437e-05,1.058
this,5,,5.119e-03,42,1780,5.014e-03,4.431e-03,1.155
thought,1,,2.735e-04,42,1780,2.929e-04,2.758e-04,0.992
three,9,,5.437e-04,42,1780,5.163e-04,5.934e-04,0.916
through,3,,4.328e-04,42,1780,5.172e-04,5.774e-04,0.750
thursday,1,,3.104e-05,42,1780,1.767e-05,1.777e-05,1.747
till,1,,2.845e-04,42,1780,2.390e-04,1.584e-04,1.797
time,3,,1.371e-03,42,1780,1.320e-03,1.300e-03,1.055
to,43,,2.580e-02,42,1780,2.479e-02,2.252e-02,1.146
together,1,,2.319e-04,42,1780,2.181e-04,2.042e-04,1.136
tolerably,1,,7.091e-06,42,1780,7.933e-06,7.233e-06,0.980
tomahawks,1,,3.538e-07,33,1780,5.571e-07,3.826e-07,0.925
tour,1,proper,1.791e-05,42,1780,1.210e-05,1.123e-05,1.595
towards,1,,1.742e-04,42,1780,1.813e-04,1.089e-04,1.600
town,1,,4.138e-04,42,1780,2.384e-04,2.216e-04,1.867
tradition,1,,1.138e-05,41,1780,1.554e-05,1.509e-05,0.754
traditionary,1,,7.415e-07,33,1788,1.499e-06,8.896e-07,0.834
transfer,1,,1.964e-05,42,1780,2.393e-05,3.448e-05,0.570
transporting,1,,8.076e-06,42,1780,5.849e-06,4.790e-06,1.686
treachery,1,,9.021e-06,42,1780,8.735e-06,5.438e-06,1.659
treatment,1,,5.261e-05,42,1780,4.602e-05,9.516e-05,0.553
tribe,5,,2.605e-05,42,1780,3.253e-05,2.511e-05,1.038
troubled,1,,1.146e-05,42,1780,1.401e-05,1.349e-05,0.850
twenty,1,,2.243e-04,42,1780,2.289e-04,2.672e-04,0.840
two,6,,1.020e-03,42,1780,9.982e-04,1.133e-03,0.901
uncommon,1,,2.630e-05,42,1780,1.782e-05,9.922e-06,2.650
under,1,,9.048e-04,42,1780,9.107e-04,9.641e-04,0.939
understands,1,,4.219e-06,42,1780,4.903e-06,5.406e-06,0.780
undertakes,1,,3.321e-06,41,1780,3.329e-06,3.531e-06,0.941
underwent,1,,4.320e-06,42,1780,3.655e-06,2.324e-06,1.859
united,5,proper,5.935e-04,42,1780,5.297e-04,5.172e-04,1.148
unsuccessful,1,,8.129e-06,41,1780,9.004e-06,7.174e-06,1.133
unusual,1,proper,1.459e-05,42,1780,1.847e-05,2.255e-05,0.647
up,1,proper,6.598e-04,42,1780,7.647e-04,8.568e-04,0.770
us,2,,8.273e-04,42,1780,8.853e-04,6.516e-04,1.270
use,1,,3.560e-04,42,1780,3.379e-04,3.954e-04,0.900
utensils,1,,4.658e-06,42,1780,3.708e-06,3.468e-06,1.343
variety,1,,7.269e-05,42,1780,6.952e-05,5.987e-05,1.214
various,2,,1.545e-04,42,1780,1.811e-04,1.705e-04,0.906
vast,1,,4.958e-05,42,1780,6.552e-05,5.705e-05,0.869
very,3,,1.065e-03,42,1780,1.043e-03,1.048e-03,1.017
village,3,,3.992e-05,42,1780,7.276e-05,7.451e-05,0.536
violent,1,,5.526e-05,42,1780,4.634e-05,3.011e-05,1.835
visited,2,,3.723e-05,42,1780,4.732e-05,4.134e-05,0.901
volunteered,1,,1.035e-06,34,1782,1.991e-06,2.614e-06,0.396
walls,1,,4.036e-05,42,1780,5.355e-05,6.340e-05,0.637
want,2,,1.530e-04,42,1780,1.428e-04,1.416e-04,1.080
warfare,1,,7.817e-06,41,1780,1.224e-05,9.716e-06,0.805
warm,2,,4.760e-05,42,1780,5.046e-05,5.278e-05,0.902
was,16,,5.524e-03,42,1780,6.347e-03,6.441e-03,0.858
water,3,,3.314e-04,42,1780,3.431e-04,4.781e-04,0.693
watermen,2,,5.242e-07,32,1780,4.032e-07,1.918e-07,2.733
way,1,,3.570e-04,42,1780,4.051e-04,4.536e-04,0.787
we,7,,2.287e-03,42,1780,2.826e-03,2.298e-03,0.995
weapons,1,,1.208e-05,42,1780,1.176e-05,9.717e-06,1.243
weather,3,,4.869e-05,42,1780,4.144e-05,5.258e-05,0.926
were,8,,2.376e-03,42,1780,2.629e-03,2.377e-03,1.000
when,2,,1.565e-03,42,1780,1.714e-03,1.621e-03,0.965
where,2,,8.082e-04,42,1780,8.195e-04,7.780e-04,1.039
which,16,,5.827e-03,42,1780,6.026e-03,4.801e-03,1.214
while,1,,3.776e-04,42,1780,4.786e-04,5.309e-04,0.711
whimsical,1,,2.989e-06,42,1780,2.302e-06,1.351e-06,2.213
white,4,,1.454e-04,42,1780,1.730e-04,2.342e-04,0.621
whiteearth,1,,8.144e-09,5,1796,5.537e-09,1.461e-09,5.572
whitestone,1,proper,6.969e-08,20,1780,4.711e-08,1.146e-07,0.608
who,5,,2.091e-03,42,1780,2.107e-03,1.677e-03,1.247
whole,1,,5.199e-04,42,1780,5.735e-04,4.242e-04,1.225
whom,3,,4.611e-04,42,1780,4.433e-04,3.164e-04,1.457
wife,1,,1.294e-04,42,1780,1.433e-04,1.646e-04,0.786
william,1,proper,2.400e-04,42,1780,1.865e-04,2.117e-04,1.133
winter,3,,7.462e-05,42,1780,7.226e-05,9.418e-05,0.792
with,27,,5.724e-03,42,1780,5.778e-03,5.476e-03,1.045
within,1,,4.025e-04,42,1780,3.691e-04,3.652e-04,1.102
without,3,,8.157e-04,42,1780,8.157e-04,6.800e-04,1.199
woman,1,proper,9.016e-05,42,1780,1.068e-04,1.374e-04,0.656
women,4,,8.342e-05,42,1780,7.828e-05,1.158e-04,0.720
wood,3,proper,8.549e-05,42,1780,8.631e-05,1.140e-04,0.750
work,2,,2.958e-04,42,1780,3.881e-04,6.015e-04,0.492
working,1,,2.281e-05,42,1780,3.195e-05,6.868e-05,0.332
year,2,,4.821e-04,42,1780,4.623e-04,6.147e-04,0.784
years,1,,4.826e-04,42,1780,5.573e-04,6.955e-04,0.694
yellowstone,2,,2.058e-07,19,1789,1.895e-07,2.755e-06,0.075
yesterday,1,,4.232e-05,42,1780,3.349e-05,3.168e-05,1.336
yet,2,,5.417e-04,42,1780,5.859e-04,4.410e-04,1.228
young,2,,1.965e-04,42,1780,2.607e-04,2.765e-04,0.711
